regime,interface,method,visible_attrs,task_attrs,injected_hidden_attrs,latent_states,state_method_decisions,target_attrs,effective_attrs,target_classes,effective_classes,label_accuracy_est,action_success,conditional_action_success,coverage,abstain_rate,probe_cost,utility,observability_violation_attrs,sufficiency_gap_attrs,note
aligned_control,pinch,global_id,"size,shape,stiffness,friction,mass,fragility,texture","size,shape",,373248,373248,"size,shape,stiffness,porosity,friction,mass,fragility,thermal,texture,liquid,material","size,shape,stiffness,friction,mass,fragility,texture",373248,5184,0.007747869461617777,1.0,1.0,1.0,0.0,0.0,1.0,"porosity,thermal,liquid,material",,
aligned_control,pinch,common_label,"size,shape,stiffness,friction,mass,fragility,texture","size,shape",,373248,373248,"size,shape","size,shape",16,16,0.8464,1.0,1.0,1.0,0.0,0.0,1.0,,,
aligned_control,pinch,oracle_icip,"size,shape,stiffness,friction,mass,fragility,texture","size,shape",,373248,373248,"size,shape","size,shape",16,16,0.8464,1.0,1.0,1.0,0.0,0.0,1.0,,,
aligned_control,pinch,learned_icip,"size,shape,stiffness,friction,mass,fragility,texture","size,shape",,373248,373248,"size,shape","size,shape",16,16,0.8464,1.0,1.0,1.0,0.0,0.0,1.0,,,
aligned_control,pinch,universal_refinement,"size,shape,stiffness,friction,mass,fragility,texture","size,shape",,373248,373248,"fragility,friction,liquid,mass,material,porosity,shape,size,stiffness,thermal","fragility,friction,mass,shape,size,stiffness",124416,1728,0.008421597240888888,1.0,1.0,1.0,0.0,0.0,1.0,"liquid,material,porosity,thermal",,
aligned_control,pinch,universal_coarsening,"size,shape,stiffness,friction,mass,fragility,texture","size,shape",,373248,373248,"size,shape","size,shape",16,16,0.8464,1.0,1.0,1.0,0.0,0.0,1.0,,,
aligned_control,pinch,multimodal_fusion,"size,shape,stiffness,friction,mass,fragility,texture","size,shape",,373248,373248,"size,shape,stiffness,porosity,friction,mass,fragility,thermal,texture,liquid,material","size,shape,stiffness,porosity,friction,mass,fragility,thermal,texture,liquid,material",373248,373248,0.3996373778857418,1.0,1.0,1.0,0.0,0.18,0.8200000000000001,,,
aligned_control,pinch,interface_router,"size,shape,stiffness,friction,mass,fragility,texture","size,shape",,373248,373248,"size,shape","size,shape",16,16,0.8464,1.0,1.0,1.0,0.0,0.0,1.0,,,current interface covers task
aligned_control,pinch,active_icip,"size,shape,stiffness,friction,mass,fragility,texture","size,shape",,373248,373248,"size,shape","size,shape",16,16,0.8464,1.0,1.0,1.0,0.0,0.0,1.0,,,probe not worth its cost or no hidden task gap
aligned_control,pinch,abstaining_icip,"size,shape,stiffness,friction,mass,fragility,texture","size,shape",,373248,373248,"size,shape","size,shape",16,16,0.8464,1.0,1.0,1.0,0.0,0.0,1.0,,,
aligned_control,suction,global_id,"size,shape,porosity,mass,texture,liquid,material","size,shape",,373248,373248,"size,shape,stiffness,porosity,friction,mass,fragility,thermal,texture,liquid,material","size,shape,porosity,mass,texture,liquid,material",373248,4608,0.006886995076993581,1.0,1.0,1.0,0.0,0.0,1.0,"stiffness,friction,fragility,thermal",,
aligned_control,suction,common_label,"size,shape,porosity,mass,texture,liquid,material","size,shape",,373248,373248,"size,shape","size,shape",16,16,0.8464,1.0,1.0,1.0,0.0,0.0,1.0,,,
aligned_control,suction,oracle_icip,"size,shape,porosity,mass,texture,liquid,material","size,shape",,373248,373248,"size,shape","size,shape",16,16,0.8464,1.0,1.0,1.0,0.0,0.0,1.0,,,
aligned_control,suction,learned_icip,"size,shape,porosity,mass,texture,liquid,material","size,shape",,373248,373248,"size,shape","size,shape",16,16,0.8464,1.0,1.0,1.0,0.0,0.0,1.0,,,
aligned_control,suction,universal_refinement,"size,shape,porosity,mass,texture,liquid,material","size,shape",,373248,373248,"fragility,friction,liquid,mass,material,porosity,shape,size,stiffness,thermal","liquid,mass,material,porosity,shape,size",124416,1536,0.007485864214123457,1.0,1.0,1.0,0.0,0.0,1.0,"fragility,friction,stiffness,thermal",,
aligned_control,suction,universal_coarsening,"size,shape,porosity,mass,texture,liquid,material","size,shape",,373248,373248,"size,shape","size,shape",16,16,0.8464,1.0,1.0,1.0,0.0,0.0,1.0,,,
aligned_control,suction,multimodal_fusion,"size,shape,porosity,mass,texture,liquid,material","size,shape",,373248,373248,"size,shape,stiffness,porosity,friction,mass,fragility,thermal,texture,liquid,material","size,shape,stiffness,porosity,friction,mass,fragility,thermal,texture,liquid,material",373248,373248,0.3996373778857418,1.0,1.0,1.0,0.0,0.18,0.8200000000000001,,,
aligned_control,suction,interface_router,"size,shape,porosity,mass,texture,liquid,material","size,shape",,373248,373248,"size,shape","size,shape",16,16,0.8464,1.0,1.0,1.0,0.0,0.0,1.0,,,current interface covers task
aligned_control,suction,active_icip,"size,shape,porosity,mass,texture,liquid,material","size,shape",,373248,373248,"size,shape","size,shape",16,16,0.8464,1.0,1.0,1.0,0.0,0.0,1.0,,,probe not worth its cost or no hidden task gap
aligned_control,suction,abstaining_icip,"size,shape,porosity,mass,texture,liquid,material","size,shape",,373248,373248,"size,shape","size,shape",16,16,0.8464,1.0,1.0,1.0,0.0,0.0,1.0,,,
aligned_control,enveloping,global_id,"size,shape,stiffness,mass,fragility,texture","size,shape",,373248,373248,"size,shape,stiffness,porosity,friction,mass,fragility,thermal,texture,liquid,material","size,shape,stiffness,mass,fragility,texture",373248,1728,0.0028071990802962963,1.0,1.0,1.0,0.0,0.0,1.0,"porosity,friction,thermal,liquid,material",,
aligned_control,enveloping,common_label,"size,shape,stiffness,mass,fragility,texture","size,shape",,373248,373248,"size,shape","size,shape",16,16,0.8464,1.0,1.0,1.0,0.0,0.0,1.0,,,
aligned_control,enveloping,oracle_icip,"size,shape,stiffness,mass,fragility,texture","size,shape",,373248,373248,"size,shape","size,shape",16,16,0.8464,1.0,1.0,1.0,0.0,0.0,1.0,,,
aligned_control,enveloping,learned_icip,"size,shape,stiffness,mass,fragility,texture","size,shape",,373248,373248,"size,shape","size,shape",16,16,0.8464,1.0,1.0,1.0,0.0,0.0,1.0,,,
aligned_control,enveloping,universal_refinement,"size,shape,stiffness,mass,fragility,texture","size,shape",,373248,373248,"fragility,friction,liquid,mass,material,porosity,shape,size,stiffness,thermal","fragility,mass,shape,size,stiffness",124416,576,0.0030513033481481483,1.0,1.0,1.0,0.0,0.0,1.0,"friction,liquid,material,porosity,thermal",,
aligned_control,enveloping,universal_coarsening,"size,shape,stiffness,mass,fragility,texture","size,shape",,373248,373248,"size,shape","size,shape",16,16,0.8464,1.0,1.0,1.0,0.0,0.0,1.0,,,
aligned_control,enveloping,multimodal_fusion,"size,shape,stiffness,mass,fragility,texture","size,shape",,373248,373248,"size,shape,stiffness,porosity,friction,mass,fragility,thermal,texture,liquid,material","size,shape,stiffness,porosity,friction,mass,fragility,thermal,texture,liquid,material",373248,373248,0.3996373778857418,1.0,1.0,1.0,0.0,0.18,0.8200000000000001,,,
aligned_control,enveloping,interface_router,"size,shape,stiffness,mass,fragility,texture","size,shape",,373248,373248,"size,shape","size,shape",16,16,0.8464,1.0,1.0,1.0,0.0,0.0,1.0,,,current interface covers task
aligned_control,enveloping,active_icip,"size,shape,stiffness,mass,fragility,texture","size,shape",,373248,373248,"size,shape","size,shape",16,16,0.8464,1.0,1.0,1.0,0.0,0.0,1.0,,,probe not worth its cost or no hidden task gap
aligned_control,enveloping,abstaining_icip,"size,shape,stiffness,mass,fragility,texture","size,shape",,373248,373248,"size,shape","size,shape",16,16,0.8464,1.0,1.0,1.0,0.0,0.0,1.0,,,
aligned_control,spatula,global_id,"size,shape,mass,friction,fragility,liquid","size,shape",,373248,373248,"size,shape,stiffness,porosity,friction,mass,fragility,thermal,texture,liquid,material","size,shape,friction,mass,fragility,liquid",373248,1152,0.0018714660535308642,1.0,1.0,1.0,0.0,0.0,1.0,"stiffness,porosity,thermal,texture,material",,
aligned_control,spatula,common_label,"size,shape,mass,friction,fragility,liquid","size,shape",,373248,373248,"size,shape","size,shape",16,16,0.8464,1.0,1.0,1.0,0.0,0.0,1.0,,,
aligned_control,spatula,oracle_icip,"size,shape,mass,friction,fragility,liquid","size,shape",,373248,373248,"size,shape","size,shape",16,16,0.8464,1.0,1.0,1.0,0.0,0.0,1.0,,,
aligned_control,spatula,learned_icip,"size,shape,mass,friction,fragility,liquid","size,shape",,373248,373248,"size,shape","size,shape",16,16,0.8464,1.0,1.0,1.0,0.0,0.0,1.0,,,
aligned_control,spatula,universal_refinement,"size,shape,mass,friction,fragility,liquid","size,shape",,373248,373248,"fragility,friction,liquid,mass,material,porosity,shape,size,stiffness,thermal","fragility,friction,liquid,mass,shape,size",124416,1152,0.005614398160592593,1.0,1.0,1.0,0.0,0.0,1.0,"material,porosity,stiffness,thermal",,
aligned_control,spatula,universal_coarsening,"size,shape,mass,friction,fragility,liquid","size,shape",,373248,373248,"size,shape","size,shape",16,16,0.8464,1.0,1.0,1.0,0.0,0.0,1.0,,,
aligned_control,spatula,multimodal_fusion,"size,shape,mass,friction,fragility,liquid","size,shape",,373248,373248,"size,shape,stiffness,porosity,friction,mass,fragility,thermal,texture,liquid,material","size,shape,stiffness,porosity,friction,mass,fragility,thermal,texture,liquid,material",373248,373248,0.3996373778857418,1.0,1.0,1.0,0.0,0.18,0.8200000000000001,,,
aligned_control,spatula,interface_router,"size,shape,mass,friction,fragility,liquid","size,shape",,373248,373248,"size,shape","size,shape",16,16,0.8464,1.0,1.0,1.0,0.0,0.0,1.0,,,current interface covers task
aligned_control,spatula,active_icip,"size,shape,mass,friction,fragility,liquid","size,shape",,373248,373248,"size,shape","size,shape",16,16,0.8464,1.0,1.0,1.0,0.0,0.0,1.0,,,probe not worth its cost or no hidden task gap
aligned_control,spatula,abstaining_icip,"size,shape,mass,friction,fragility,liquid","size,shape",,373248,373248,"size,shape","size,shape",16,16,0.8464,1.0,1.0,1.0,0.0,0.0,1.0,,,
aligned_control,magnetic,global_id,"size,shape,mass,thermal,texture,material","size,shape",,373248,373248,"size,shape,stiffness,porosity,friction,mass,fragility,thermal,texture,liquid,material","size,shape,mass,thermal,texture,material",373248,2304,0.0037429321070617284,1.0,1.0,1.0,0.0,0.0,1.0,"stiffness,porosity,friction,fragility,liquid",,
aligned_control,magnetic,common_label,"size,shape,mass,thermal,texture,material","size,shape",,373248,373248,"size,shape","size,shape",16,16,0.8464,1.0,1.0,1.0,0.0,0.0,1.0,,,
aligned_control,magnetic,oracle_icip,"size,shape,mass,thermal,texture,material","size,shape",,373248,373248,"size,shape","size,shape",16,16,0.8464,1.0,1.0,1.0,0.0,0.0,1.0,,,
aligned_control,magnetic,learned_icip,"size,shape,mass,thermal,texture,material","size,shape",,373248,373248,"size,shape","size,shape",16,16,0.8464,1.0,1.0,1.0,0.0,0.0,1.0,,,
aligned_control,magnetic,universal_refinement,"size,shape,mass,thermal,texture,material","size,shape",,373248,373248,"fragility,friction,liquid,mass,material,porosity,shape,size,stiffness,thermal","mass,material,shape,size,thermal",124416,768,0.0040684044641975305,1.0,1.0,1.0,0.0,0.0,1.0,"fragility,friction,liquid,porosity,stiffness",,
aligned_control,magnetic,universal_coarsening,"size,shape,mass,thermal,texture,material","size,shape",,373248,373248,"size,shape","size,shape",16,16,0.8464,1.0,1.0,1.0,0.0,0.0,1.0,,,
aligned_control,magnetic,multimodal_fusion,"size,shape,mass,thermal,texture,material","size,shape",,373248,373248,"size,shape,stiffness,porosity,friction,mass,fragility,thermal,texture,liquid,material","size,shape,stiffness,porosity,friction,mass,fragility,thermal,texture,liquid,material",373248,373248,0.3996373778857418,1.0,1.0,1.0,0.0,0.18,0.8200000000000001,,,
aligned_control,magnetic,interface_router,"size,shape,mass,thermal,texture,material","size,shape",,373248,373248,"size,shape","size,shape",16,16,0.8464,1.0,1.0,1.0,0.0,0.0,1.0,,,current interface covers task
aligned_control,magnetic,active_icip,"size,shape,mass,thermal,texture,material","size,shape",,373248,373248,"size,shape","size,shape",16,16,0.8464,1.0,1.0,1.0,0.0,0.0,1.0,,,probe not worth its cost or no hidden task gap
aligned_control,magnetic,abstaining_icip,"size,shape,mass,thermal,texture,material","size,shape",,373248,373248,"size,shape","size,shape",16,16,0.8464,1.0,1.0,1.0,0.0,0.0,1.0,,,
aligned_control,needle,global_id,"size,shape,stiffness,porosity,fragility,liquid,texture","size,shape",,373248,373248,"size,shape,stiffness,porosity,friction,mass,fragility,thermal,texture,liquid,material","size,shape,stiffness,porosity,fragility,texture,liquid",373248,2592,0.0038739347308088894,1.0,1.0,1.0,0.0,0.0,1.0,"friction,mass,thermal,material",,
aligned_control,needle,common_label,"size,shape,stiffness,porosity,fragility,liquid,texture","size,shape",,373248,373248,"size,shape","size,shape",16,16,0.8464,1.0,1.0,1.0,0.0,0.0,1.0,,,
aligned_control,needle,oracle_icip,"size,shape,stiffness,porosity,fragility,liquid,texture","size,shape",,373248,373248,"size,shape","size,shape",16,16,0.8464,1.0,1.0,1.0,0.0,0.0,1.0,,,
aligned_control,needle,learned_icip,"size,shape,stiffness,porosity,fragility,liquid,texture","size,shape",,373248,373248,"size,shape","size,shape",16,16,0.8464,1.0,1.0,1.0,0.0,0.0,1.0,,,
aligned_control,needle,universal_refinement,"size,shape,stiffness,porosity,fragility,liquid,texture","size,shape",,373248,373248,"fragility,friction,liquid,mass,material,porosity,shape,size,stiffness,thermal","fragility,liquid,porosity,shape,size,stiffness",124416,864,0.004210798620444444,1.0,1.0,1.0,0.0,0.0,1.0,"friction,mass,material,thermal",,
aligned_control,needle,universal_coarsening,"size,shape,stiffness,porosity,fragility,liquid,texture","size,shape",,373248,373248,"size,shape","size,shape",16,16,0.8464,1.0,1.0,1.0,0.0,0.0,1.0,,,
aligned_control,needle,multimodal_fusion,"size,shape,stiffness,porosity,fragility,liquid,texture","size,shape",,373248,373248,"size,shape,stiffness,porosity,friction,mass,fragility,thermal,texture,liquid,material","size,shape,stiffness,porosity,friction,mass,fragility,thermal,texture,liquid,material",373248,373248,0.3996373778857418,1.0,1.0,1.0,0.0,0.18,0.8200000000000001,,,
aligned_control,needle,interface_router,"size,shape,stiffness,porosity,fragility,liquid,texture","size,shape",,373248,373248,"size,shape","size,shape",16,16,0.8464,1.0,1.0,1.0,0.0,0.0,1.0,,,current interface covers task
aligned_control,needle,active_icip,"size,shape,stiffness,porosity,fragility,liquid,texture","size,shape",,373248,373248,"size,shape","size,shape",16,16,0.8464,1.0,1.0,1.0,0.0,0.0,1.0,,,probe not worth its cost or no hidden task gap
aligned_control,needle,abstaining_icip,"size,shape,stiffness,porosity,fragility,liquid,texture","size,shape",,373248,373248,"size,shape","size,shape",16,16,0.8464,1.0,1.0,1.0,0.0,0.0,1.0,,,
aligned_control,clamp,global_id,"size,shape,stiffness,friction,mass,thermal,texture","size,shape",,373248,373248,"size,shape,stiffness,porosity,friction,mass,fragility,thermal,texture,liquid,material","size,shape,stiffness,friction,mass,thermal,texture",373248,5184,0.007747869461617777,1.0,1.0,1.0,0.0,0.0,1.0,"porosity,fragility,liquid,material",,
aligned_control,clamp,common_label,"size,shape,stiffness,friction,mass,thermal,texture","size,shape",,373248,373248,"size,shape","size,shape",16,16,0.8464,1.0,1.0,1.0,0.0,0.0,1.0,,,
aligned_control,clamp,oracle_icip,"size,shape,stiffness,friction,mass,thermal,texture","size,shape",,373248,373248,"size,shape","size,shape",16,16,0.8464,1.0,1.0,1.0,0.0,0.0,1.0,,,
aligned_control,clamp,learned_icip,"size,shape,stiffness,friction,mass,thermal,texture","size,shape",,373248,373248,"size,shape","size,shape",16,16,0.8464,1.0,1.0,1.0,0.0,0.0,1.0,,,
aligned_control,clamp,universal_refinement,"size,shape,stiffness,friction,mass,thermal,texture","size,shape",,373248,373248,"fragility,friction,liquid,mass,material,porosity,shape,size,stiffness,thermal","friction,mass,shape,size,stiffness,thermal",124416,1728,0.00842159724088889,1.0,1.0,1.0,0.0,0.0,1.0,"fragility,liquid,material,porosity",,
aligned_control,clamp,universal_coarsening,"size,shape,stiffness,friction,mass,thermal,texture","size,shape",,373248,373248,"size,shape","size,shape",16,16,0.8464,1.0,1.0,1.0,0.0,0.0,1.0,,,
aligned_control,clamp,multimodal_fusion,"size,shape,stiffness,friction,mass,thermal,texture","size,shape",,373248,373248,"size,shape,stiffness,porosity,friction,mass,fragility,thermal,texture,liquid,material","size,shape,stiffness,porosity,friction,mass,fragility,thermal,texture,liquid,material",373248,373248,0.3996373778857418,1.0,1.0,1.0,0.0,0.18,0.8200000000000001,,,
aligned_control,clamp,interface_router,"size,shape,stiffness,friction,mass,thermal,texture","size,shape",,373248,373248,"size,shape","size,shape",16,16,0.8464,1.0,1.0,1.0,0.0,0.0,1.0,,,current interface covers task
aligned_control,clamp,active_icip,"size,shape,stiffness,friction,mass,thermal,texture","size,shape",,373248,373248,"size,shape","size,shape",16,16,0.8464,1.0,1.0,1.0,0.0,0.0,1.0,,,probe not worth its cost or no hidden task gap
aligned_control,clamp,abstaining_icip,"size,shape,stiffness,friction,mass,thermal,texture","size,shape",,373248,373248,"size,shape","size,shape",16,16,0.8464,1.0,1.0,1.0,0.0,0.0,1.0,,,
baseline_visible,pinch,global_id,"size,shape,stiffness,friction,mass,fragility,texture","stiffness,friction,mass,fragility",,373248,373248,"size,shape,stiffness,porosity,friction,mass,fragility,thermal,texture,liquid,material","size,shape,stiffness,friction,mass,fragility,texture",373248,5184,0.007747869461617777,1.0,1.0,1.0,0.0,0.0,1.0,"porosity,thermal,liquid,material",,
baseline_visible,pinch,common_label,"size,shape,stiffness,friction,mass,fragility,texture","stiffness,friction,mass,fragility",,373248,373248,"size,shape","size,shape",16,16,0.8464,0.009259259259259259,0.009259259259259259,1.0,0.0,0.0,0.009259259259259259,,"stiffness,friction,mass,fragility",
baseline_visible,pinch,oracle_icip,"size,shape,stiffness,friction,mass,fragility,texture","stiffness,friction,mass,fragility",,373248,373248,"stiffness,friction,mass,fragility","stiffness,friction,mass,fragility",108,108,0.7163929600000001,1.0,1.0,1.0,0.0,0.0,1.0,,,
baseline_visible,pinch,learned_icip,"size,shape,stiffness,friction,mass,fragility,texture","stiffness,friction,mass,fragility",,373248,373248,"stiffness,friction,mass,fragility","stiffness,friction,mass,fragility",108,108,0.7163929600000001,1.0,1.0,1.0,0.0,0.0,1.0,,,
baseline_visible,pinch,universal_refinement,"size,shape,stiffness,friction,mass,fragility,texture","stiffness,friction,mass,fragility",,373248,373248,"fragility,friction,liquid,mass,material,porosity,shape,size,stiffness,thermal","fragility,friction,mass,shape,size,stiffness",124416,1728,0.008421597240888888,1.0,1.0,1.0,0.0,0.0,1.0,"liquid,material,porosity,thermal",,
baseline_visible,pinch,universal_coarsening,"size,shape,stiffness,friction,mass,fragility,texture","stiffness,friction,mass,fragility",,373248,373248,"size,shape","size,shape",16,16,0.8464,0.009259259259259259,0.009259259259259259,1.0,0.0,0.0,0.009259259259259259,,"stiffness,friction,mass,fragility",
baseline_visible,pinch,multimodal_fusion,"size,shape,stiffness,friction,mass,fragility,texture","stiffness,friction,mass,fragility",,373248,373248,"size,shape,stiffness,porosity,friction,mass,fragility,thermal,texture,liquid,material","size,shape,stiffness,porosity,friction,mass,fragility,thermal,texture,liquid,material",373248,373248,0.3996373778857418,1.0,1.0,1.0,0.0,0.18,0.8200000000000001,,,
baseline_visible,pinch,interface_router,"size,shape,stiffness,friction,mass,fragility,texture","stiffness,friction,mass,fragility",,373248,373248,"stiffness,friction,mass,fragility","stiffness,friction,mass,fragility",108,108,0.7163929600000001,1.0,1.0,1.0,0.0,0.0,1.0,,,current interface covers task
baseline_visible,pinch,active_icip,"size,shape,stiffness,friction,mass,fragility,texture","stiffness,friction,mass,fragility",,373248,373248,"stiffness,friction,mass,fragility","stiffness,friction,mass,fragility",108,108,0.7163929600000001,1.0,1.0,1.0,0.0,0.0,1.0,,,probe not worth its cost or no hidden task gap
baseline_visible,pinch,abstaining_icip,"size,shape,stiffness,friction,mass,fragility,texture","stiffness,friction,mass,fragility",,373248,373248,"stiffness,friction,mass,fragility","stiffness,friction,mass,fragility",108,108,0.7163929600000001,1.0,1.0,1.0,0.0,0.0,1.0,,,
baseline_visible,suction,global_id,"size,shape,porosity,mass,texture,liquid,material","shape,porosity,mass,liquid",,373248,373248,"size,shape,stiffness,porosity,friction,mass,fragility,thermal,texture,liquid,material","size,shape,porosity,mass,texture,liquid,material",373248,4608,0.006886995076993581,1.0,1.0,1.0,0.0,0.0,1.0,"stiffness,friction,fragility,thermal",,
baseline_visible,suction,common_label,"size,shape,porosity,mass,texture,liquid,material","shape,porosity,mass,liquid",,373248,373248,"size,shape","size,shape",16,16,0.8464,0.041666666666666664,0.041666666666666664,1.0,0.0,0.0,0.041666666666666664,,"porosity,mass,liquid",
baseline_visible,suction,oracle_icip,"size,shape,porosity,mass,texture,liquid,material","shape,porosity,mass,liquid",,373248,373248,"shape,porosity,mass,liquid","shape,porosity,mass,liquid",96,96,0.7163929600000001,1.0,1.0,1.0,0.0,0.0,1.0,,,
baseline_visible,suction,learned_icip,"size,shape,porosity,mass,texture,liquid,material","shape,porosity,mass,liquid",,373248,373248,"shape,porosity,mass,liquid","shape,porosity,mass,liquid",96,96,0.7163929600000001,1.0,1.0,1.0,0.0,0.0,1.0,,,
baseline_visible,suction,universal_refinement,"size,shape,porosity,mass,texture,liquid,material","shape,porosity,mass,liquid",,373248,373248,"fragility,friction,liquid,mass,material,porosity,shape,size,stiffness,thermal","liquid,mass,material,porosity,shape,size",124416,1536,0.007485864214123457,1.0,1.0,1.0,0.0,0.0,1.0,"fragility,friction,stiffness,thermal",,
baseline_visible,suction,universal_coarsening,"size,shape,porosity,mass,texture,liquid,material","shape,porosity,mass,liquid",,373248,373248,"size,shape","size,shape",16,16,0.8464,0.041666666666666664,0.041666666666666664,1.0,0.0,0.0,0.041666666666666664,,"porosity,mass,liquid",
baseline_visible,suction,multimodal_fusion,"size,shape,porosity,mass,texture,liquid,material","shape,porosity,mass,liquid",,373248,373248,"size,shape,stiffness,porosity,friction,mass,fragility,thermal,texture,liquid,material","size,shape,stiffness,porosity,friction,mass,fragility,thermal,texture,liquid,material",373248,373248,0.3996373778857418,1.0,1.0,1.0,0.0,0.18,0.8200000000000001,,,
baseline_visible,suction,interface_router,"size,shape,porosity,mass,texture,liquid,material","shape,porosity,mass,liquid",,373248,373248,"shape,porosity,mass,liquid","shape,porosity,mass,liquid",96,96,0.7163929600000001,1.0,1.0,1.0,0.0,0.0,1.0,,,current interface covers task
baseline_visible,suction,active_icip,"size,shape,porosity,mass,texture,liquid,material","shape,porosity,mass,liquid",,373248,373248,"shape,porosity,mass,liquid","shape,porosity,mass,liquid",96,96,0.7163929600000001,1.0,1.0,1.0,0.0,0.0,1.0,,,probe not worth its cost or no hidden task gap
baseline_visible,suction,abstaining_icip,"size,shape,porosity,mass,texture,liquid,material","shape,porosity,mass,liquid",,373248,373248,"shape,porosity,mass,liquid","shape,porosity,mass,liquid",96,96,0.7163929600000001,1.0,1.0,1.0,0.0,0.0,1.0,,,
baseline_visible,enveloping,global_id,"size,shape,stiffness,mass,fragility,texture","size,stiffness,fragility",,373248,373248,"size,shape,stiffness,porosity,friction,mass,fragility,thermal,texture,liquid,material","size,shape,stiffness,mass,fragility,texture",373248,1728,0.0028071990802962963,1.0,1.0,1.0,0.0,0.0,1.0,"porosity,friction,thermal,liquid,material",,
baseline_visible,enveloping,common_label,"size,shape,stiffness,mass,fragility,texture","size,stiffness,fragility",,373248,373248,"size,shape","size,shape",16,16,0.8464,0.1111111111111111,0.1111111111111111,1.0,0.0,0.0,0.1111111111111111,,"stiffness,fragility",
baseline_visible,enveloping,oracle_icip,"size,shape,stiffness,mass,fragility,texture","size,stiffness,fragility",,373248,373248,"size,stiffness,fragility","size,stiffness,fragility",36,36,0.778688,1.0,1.0,1.0,0.0,0.0,1.0,,,
baseline_visible,enveloping,learned_icip,"size,shape,stiffness,mass,fragility,texture","size,stiffness,fragility",,373248,373248,"size,stiffness,fragility","size,stiffness,fragility",36,36,0.778688,1.0,1.0,1.0,0.0,0.0,1.0,,,
baseline_visible,enveloping,universal_refinement,"size,shape,stiffness,mass,fragility,texture","size,stiffness,fragility",,373248,373248,"fragility,friction,liquid,mass,material,porosity,shape,size,stiffness,thermal","fragility,mass,shape,size,stiffness",124416,576,0.0030513033481481483,1.0,1.0,1.0,0.0,0.0,1.0,"friction,liquid,material,porosity,thermal",,
baseline_visible,enveloping,universal_coarsening,"size,shape,stiffness,mass,fragility,texture","size,stiffness,fragility",,373248,373248,"size,shape","size,shape",16,16,0.8464,0.1111111111111111,0.1111111111111111,1.0,0.0,0.0,0.1111111111111111,,"stiffness,fragility",
baseline_visible,enveloping,multimodal_fusion,"size,shape,stiffness,mass,fragility,texture","size,stiffness,fragility",,373248,373248,"size,shape,stiffness,porosity,friction,mass,fragility,thermal,texture,liquid,material","size,shape,stiffness,porosity,friction,mass,fragility,thermal,texture,liquid,material",373248,373248,0.3996373778857418,1.0,1.0,1.0,0.0,0.18,0.8200000000000001,,,
baseline_visible,enveloping,interface_router,"size,shape,stiffness,mass,fragility,texture","size,stiffness,fragility",,373248,373248,"size,stiffness,fragility","size,stiffness,fragility",36,36,0.778688,1.0,1.0,1.0,0.0,0.0,1.0,,,current interface covers task
baseline_visible,enveloping,active_icip,"size,shape,stiffness,mass,fragility,texture","size,stiffness,fragility",,373248,373248,"size,stiffness,fragility","size,stiffness,fragility",36,36,0.778688,1.0,1.0,1.0,0.0,0.0,1.0,,,probe not worth its cost or no hidden task gap
baseline_visible,enveloping,abstaining_icip,"size,shape,stiffness,mass,fragility,texture","size,stiffness,fragility",,373248,373248,"size,stiffness,fragility","size,stiffness,fragility",36,36,0.778688,1.0,1.0,1.0,0.0,0.0,1.0,,,
baseline_visible,spatula,global_id,"size,shape,mass,friction,fragility,liquid","mass,friction,fragility,liquid",,373248,373248,"size,shape,stiffness,porosity,friction,mass,fragility,thermal,texture,liquid,material","size,shape,friction,mass,fragility,liquid",373248,1152,0.0018714660535308642,1.0,1.0,1.0,0.0,0.0,1.0,"stiffness,porosity,thermal,texture,material",,
baseline_visible,spatula,common_label,"size,shape,mass,friction,fragility,liquid","mass,friction,fragility,liquid",,373248,373248,"size,shape","size,shape",16,16,0.8464,0.013888888888888888,0.013888888888888888,1.0,0.0,0.0,0.013888888888888888,,"mass,friction,fragility,liquid",
baseline_visible,spatula,oracle_icip,"size,shape,mass,friction,fragility,liquid","mass,friction,fragility,liquid",,373248,373248,"mass,friction,fragility,liquid","mass,friction,fragility,liquid",72,72,0.7163929600000001,1.0,1.0,1.0,0.0,0.0,1.0,,,
baseline_visible,spatula,learned_icip,"size,shape,mass,friction,fragility,liquid","mass,friction,fragility,liquid",,373248,373248,"mass,friction,fragility,liquid","mass,friction,fragility,liquid",72,72,0.7163929600000001,1.0,1.0,1.0,0.0,0.0,1.0,,,
baseline_visible,spatula,universal_refinement,"size,shape,mass,friction,fragility,liquid","mass,friction,fragility,liquid",,373248,373248,"fragility,friction,liquid,mass,material,porosity,shape,size,stiffness,thermal","fragility,friction,liquid,mass,shape,size",124416,1152,0.005614398160592593,1.0,1.0,1.0,0.0,0.0,1.0,"material,porosity,stiffness,thermal",,
baseline_visible,spatula,universal_coarsening,"size,shape,mass,friction,fragility,liquid","mass,friction,fragility,liquid",,373248,373248,"size,shape","size,shape",16,16,0.8464,0.013888888888888888,0.013888888888888888,1.0,0.0,0.0,0.013888888888888888,,"mass,friction,fragility,liquid",
baseline_visible,spatula,multimodal_fusion,"size,shape,mass,friction,fragility,liquid","mass,friction,fragility,liquid",,373248,373248,"size,shape,stiffness,porosity,friction,mass,fragility,thermal,texture,liquid,material","size,shape,stiffness,porosity,friction,mass,fragility,thermal,texture,liquid,material",373248,373248,0.3996373778857418,1.0,1.0,1.0,0.0,0.18,0.8200000000000001,,,
baseline_visible,spatula,interface_router,"size,shape,mass,friction,fragility,liquid","mass,friction,fragility,liquid",,373248,373248,"mass,friction,fragility,liquid","mass,friction,fragility,liquid",72,72,0.7163929600000001,1.0,1.0,1.0,0.0,0.0,1.0,,,current interface covers task
baseline_visible,spatula,active_icip,"size,shape,mass,friction,fragility,liquid","mass,friction,fragility,liquid",,373248,373248,"mass,friction,fragility,liquid","mass,friction,fragility,liquid",72,72,0.7163929600000001,1.0,1.0,1.0,0.0,0.0,1.0,,,probe not worth its cost or no hidden task gap
baseline_visible,spatula,abstaining_icip,"size,shape,mass,friction,fragility,liquid","mass,friction,fragility,liquid",,373248,373248,"mass,friction,fragility,liquid","mass,friction,fragility,liquid",72,72,0.7163929600000001,1.0,1.0,1.0,0.0,0.0,1.0,,,
baseline_visible,magnetic,global_id,"size,shape,mass,thermal,texture,material","mass,thermal,material",,373248,373248,"size,shape,stiffness,porosity,friction,mass,fragility,thermal,texture,liquid,material","size,shape,mass,thermal,texture,material",373248,2304,0.0037429321070617284,1.0,1.0,1.0,0.0,0.0,1.0,"stiffness,porosity,friction,fragility,liquid",,
baseline_visible,magnetic,common_label,"size,shape,mass,thermal,texture,material","mass,thermal,material",,373248,373248,"size,shape","size,shape",16,16,0.8464,0.020833333333333332,0.020833333333333332,1.0,0.0,0.0,0.020833333333333332,,"mass,thermal,material",
baseline_visible,magnetic,oracle_icip,"size,shape,mass,thermal,texture,material","mass,thermal,material",,373248,373248,"mass,thermal,material","mass,thermal,material",48,48,0.778688,1.0,1.0,1.0,0.0,0.0,1.0,,,
baseline_visible,magnetic,learned_icip,"size,shape,mass,thermal,texture,material","mass,thermal,material",,373248,373248,"mass,thermal,material","mass,thermal,material",48,48,0.778688,1.0,1.0,1.0,0.0,0.0,1.0,,,
baseline_visible,magnetic,universal_refinement,"size,shape,mass,thermal,texture,material","mass,thermal,material",,373248,373248,"fragility,friction,liquid,mass,material,porosity,shape,size,stiffness,thermal","mass,material,shape,size,thermal",124416,768,0.0040684044641975305,1.0,1.0,1.0,0.0,0.0,1.0,"fragility,friction,liquid,porosity,stiffness",,
baseline_visible,magnetic,universal_coarsening,"size,shape,mass,thermal,texture,material","mass,thermal,material",,373248,373248,"size,shape","size,shape",16,16,0.8464,0.020833333333333332,0.020833333333333332,1.0,0.0,0.0,0.020833333333333332,,"mass,thermal,material",
baseline_visible,magnetic,multimodal_fusion,"size,shape,mass,thermal,texture,material","mass,thermal,material",,373248,373248,"size,shape,stiffness,porosity,friction,mass,fragility,thermal,texture,liquid,material","size,shape,stiffness,porosity,friction,mass,fragility,thermal,texture,liquid,material",373248,373248,0.3996373778857418,1.0,1.0,1.0,0.0,0.18,0.8200000000000001,,,
baseline_visible,magnetic,interface_router,"size,shape,mass,thermal,texture,material","mass,thermal,material",,373248,373248,"mass,thermal,material","mass,thermal,material",48,48,0.778688,1.0,1.0,1.0,0.0,0.0,1.0,,,current interface covers task
baseline_visible,magnetic,active_icip,"size,shape,mass,thermal,texture,material","mass,thermal,material",,373248,373248,"mass,thermal,material","mass,thermal,material",48,48,0.778688,1.0,1.0,1.0,0.0,0.0,1.0,,,probe not worth its cost or no hidden task gap
baseline_visible,magnetic,abstaining_icip,"size,shape,mass,thermal,texture,material","mass,thermal,material",,373248,373248,"mass,thermal,material","mass,thermal,material",48,48,0.778688,1.0,1.0,1.0,0.0,0.0,1.0,,,
baseline_visible,needle,global_id,"size,shape,stiffness,porosity,fragility,liquid,texture","stiffness,porosity,fragility,liquid",,373248,373248,"size,shape,stiffness,porosity,friction,mass,fragility,thermal,texture,liquid,material","size,shape,stiffness,porosity,fragility,texture,liquid",373248,2592,0.0038739347308088894,1.0,1.0,1.0,0.0,0.0,1.0,"friction,mass,thermal,material",,
baseline_visible,needle,common_label,"size,shape,stiffness,porosity,fragility,liquid,texture","stiffness,porosity,fragility,liquid",,373248,373248,"size,shape","size,shape",16,16,0.8464,0.018518518518518517,0.018518518518518517,1.0,0.0,0.0,0.018518518518518517,,"stiffness,porosity,fragility,liquid",
baseline_visible,needle,oracle_icip,"size,shape,stiffness,porosity,fragility,liquid,texture","stiffness,porosity,fragility,liquid",,373248,373248,"stiffness,porosity,fragility,liquid","stiffness,porosity,fragility,liquid",54,54,0.7163929600000001,1.0,1.0,1.0,0.0,0.0,1.0,,,
baseline_visible,needle,learned_icip,"size,shape,stiffness,porosity,fragility,liquid,texture","stiffness,porosity,fragility,liquid",,373248,373248,"stiffness,porosity,fragility,liquid","stiffness,porosity,fragility,liquid",54,54,0.7163929600000001,1.0,1.0,1.0,0.0,0.0,1.0,,,
baseline_visible,needle,universal_refinement,"size,shape,stiffness,porosity,fragility,liquid,texture","stiffness,porosity,fragility,liquid",,373248,373248,"fragility,friction,liquid,mass,material,porosity,shape,size,stiffness,thermal","fragility,liquid,porosity,shape,size,stiffness",124416,864,0.004210798620444444,1.0,1.0,1.0,0.0,0.0,1.0,"friction,mass,material,thermal",,
baseline_visible,needle,universal_coarsening,"size,shape,stiffness,porosity,fragility,liquid,texture","stiffness,porosity,fragility,liquid",,373248,373248,"size,shape","size,shape",16,16,0.8464,0.018518518518518517,0.018518518518518517,1.0,0.0,0.0,0.018518518518518517,,"stiffness,porosity,fragility,liquid",
baseline_visible,needle,multimodal_fusion,"size,shape,stiffness,porosity,fragility,liquid,texture","stiffness,porosity,fragility,liquid",,373248,373248,"size,shape,stiffness,porosity,friction,mass,fragility,thermal,texture,liquid,material","size,shape,stiffness,porosity,friction,mass,fragility,thermal,texture,liquid,material",373248,373248,0.3996373778857418,1.0,1.0,1.0,0.0,0.18,0.8200000000000001,,,
baseline_visible,needle,interface_router,"size,shape,stiffness,porosity,fragility,liquid,texture","stiffness,porosity,fragility,liquid",,373248,373248,"stiffness,porosity,fragility,liquid","stiffness,porosity,fragility,liquid",54,54,0.7163929600000001,1.0,1.0,1.0,0.0,0.0,1.0,,,current interface covers task
baseline_visible,needle,active_icip,"size,shape,stiffness,porosity,fragility,liquid,texture","stiffness,porosity,fragility,liquid",,373248,373248,"stiffness,porosity,fragility,liquid","stiffness,porosity,fragility,liquid",54,54,0.7163929600000001,1.0,1.0,1.0,0.0,0.0,1.0,,,probe not worth its cost or no hidden task gap
baseline_visible,needle,abstaining_icip,"size,shape,stiffness,porosity,fragility,liquid,texture","stiffness,porosity,fragility,liquid",,373248,373248,"stiffness,porosity,fragility,liquid","stiffness,porosity,fragility,liquid",54,54,0.7163929600000001,1.0,1.0,1.0,0.0,0.0,1.0,,,
baseline_visible,clamp,global_id,"size,shape,stiffness,friction,mass,thermal,texture","size,stiffness,friction,mass,thermal",,373248,373248,"size,shape,stiffness,porosity,friction,mass,fragility,thermal,texture,liquid,material","size,shape,stiffness,friction,mass,thermal,texture",373248,5184,0.007747869461617777,1.0,1.0,1.0,0.0,0.0,1.0,"porosity,fragility,liquid,material",,
baseline_visible,clamp,common_label,"size,shape,stiffness,friction,mass,thermal,texture","size,stiffness,friction,mass,thermal",,373248,373248,"size,shape","size,shape",16,16,0.8464,0.009259259259259259,0.009259259259259259,1.0,0.0,0.0,0.009259259259259259,,"stiffness,friction,mass,thermal",
baseline_visible,clamp,oracle_icip,"size,shape,stiffness,friction,mass,thermal,texture","size,stiffness,friction,mass,thermal",,373248,373248,"size,stiffness,friction,mass,thermal","size,stiffness,friction,mass,thermal",432,432,0.6590815232000001,1.0,1.0,1.0,0.0,0.0,1.0,,,
baseline_visible,clamp,learned_icip,"size,shape,stiffness,friction,mass,thermal,texture","size,stiffness,friction,mass,thermal",,373248,373248,"size,stiffness,friction,mass,thermal","size,stiffness,friction,mass,thermal",432,432,0.6590815232000001,1.0,1.0,1.0,0.0,0.0,1.0,,,
baseline_visible,clamp,universal_refinement,"size,shape,stiffness,friction,mass,thermal,texture","size,stiffness,friction,mass,thermal",,373248,373248,"fragility,friction,liquid,mass,material,porosity,shape,size,stiffness,thermal","friction,mass,shape,size,stiffness,thermal",124416,1728,0.00842159724088889,1.0,1.0,1.0,0.0,0.0,1.0,"fragility,liquid,material,porosity",,
baseline_visible,clamp,universal_coarsening,"size,shape,stiffness,friction,mass,thermal,texture","size,stiffness,friction,mass,thermal",,373248,373248,"size,shape","size,shape",16,16,0.8464,0.009259259259259259,0.009259259259259259,1.0,0.0,0.0,0.009259259259259259,,"stiffness,friction,mass,thermal",
baseline_visible,clamp,multimodal_fusion,"size,shape,stiffness,friction,mass,thermal,texture","size,stiffness,friction,mass,thermal",,373248,373248,"size,shape,stiffness,porosity,friction,mass,fragility,thermal,texture,liquid,material","size,shape,stiffness,porosity,friction,mass,fragility,thermal,texture,liquid,material",373248,373248,0.3996373778857418,1.0,1.0,1.0,0.0,0.18,0.8200000000000001,,,
baseline_visible,clamp,interface_router,"size,shape,stiffness,friction,mass,thermal,texture","size,stiffness,friction,mass,thermal",,373248,373248,"size,stiffness,friction,mass,thermal","size,stiffness,friction,mass,thermal",432,432,0.6590815232000001,1.0,1.0,1.0,0.0,0.0,1.0,,,current interface covers task
baseline_visible,clamp,active_icip,"size,shape,stiffness,friction,mass,thermal,texture","size,stiffness,friction,mass,thermal",,373248,373248,"size,stiffness,friction,mass,thermal","size,stiffness,friction,mass,thermal",432,432,0.6590815232000001,1.0,1.0,1.0,0.0,0.0,1.0,,,probe not worth its cost or no hidden task gap
baseline_visible,clamp,abstaining_icip,"size,shape,stiffness,friction,mass,thermal,texture","size,stiffness,friction,mass,thermal",,373248,373248,"size,stiffness,friction,mass,thermal","size,stiffness,friction,mass,thermal",432,432,0.6590815232000001,1.0,1.0,1.0,0.0,0.0,1.0,,,
hidden_single,pinch,global_id,"size,shape,stiffness,friction,mass,fragility,texture","stiffness,friction,mass,fragility,porosity",porosity,373248,373248,"size,shape,stiffness,porosity,friction,mass,fragility,thermal,texture,liquid,material","size,shape,stiffness,friction,mass,fragility,texture",373248,5184,0.007747869461617777,0.3333333333333333,0.3333333333333333,1.0,0.0,0.0,0.3333333333333333,"porosity,thermal,liquid,material",porosity,
hidden_single,pinch,common_label,"size,shape,stiffness,friction,mass,fragility,texture","stiffness,friction,mass,fragility,porosity",porosity,373248,373248,"size,shape","size,shape",16,16,0.8464,0.0030864197530864196,0.0030864197530864196,1.0,0.0,0.0,0.0030864197530864196,,"stiffness,friction,mass,fragility,porosity",
hidden_single,pinch,oracle_icip,"size,shape,stiffness,friction,mass,fragility,texture","stiffness,friction,mass,fragility,porosity",porosity,373248,373248,"stiffness,friction,mass,fragility,porosity","stiffness,friction,mass,fragility",324,108,0.23879765333333336,0.3333333333333333,0.3333333333333333,1.0,0.0,0.0,0.3333333333333333,porosity,porosity,observable quotient is insufficient because the task asks for hidden attributes
hidden_single,pinch,learned_icip,"size,shape,stiffness,friction,mass,fragility,texture","stiffness,friction,mass,fragility,porosity",porosity,373248,373248,"stiffness,friction,mass,fragility,porosity","stiffness,friction,mass,fragility",324,108,0.23879765333333336,0.3333333333333333,0.3333333333333333,1.0,0.0,0.0,0.3333333333333333,porosity,porosity,
hidden_single,pinch,universal_refinement,"size,shape,stiffness,friction,mass,fragility,texture","stiffness,friction,mass,fragility,porosity",porosity,373248,373248,"fragility,friction,liquid,mass,material,porosity,shape,size,stiffness,thermal","fragility,friction,mass,shape,size,stiffness",124416,1728,0.008421597240888888,0.3333333333333333,0.3333333333333333,1.0,0.0,0.0,0.3333333333333333,"liquid,material,porosity,thermal",porosity,
hidden_single,pinch,universal_coarsening,"size,shape,stiffness,friction,mass,fragility,texture","stiffness,friction,mass,fragility,porosity",porosity,373248,373248,"size,shape","size,shape",16,16,0.8464,0.0030864197530864196,0.0030864197530864196,1.0,0.0,0.0,0.0030864197530864196,,"stiffness,friction,mass,fragility,porosity",
hidden_single,pinch,multimodal_fusion,"size,shape,stiffness,friction,mass,fragility,texture","stiffness,friction,mass,fragility,porosity",porosity,373248,373248,"size,shape,stiffness,porosity,friction,mass,fragility,thermal,texture,liquid,material","size,shape,stiffness,porosity,friction,mass,fragility,thermal,texture,liquid,material",373248,373248,0.3996373778857418,1.0,1.0,1.0,0.0,0.18,0.8200000000000001,,,
hidden_single,pinch,interface_router,"size,shape,stiffness,friction,mass,fragility,texture","stiffness,friction,mass,fragility,porosity",porosity,373248,373248,"stiffness,friction,mass,fragility,porosity","stiffness,friction,mass,fragility",324,108,0.23879765333333336,0.3333333333333333,0.3333333333333333,1.0,0.0,0.0,0.3333333333333333,porosity,porosity,no interface covers all task attributes
hidden_single,pinch,active_icip,"size,shape,stiffness,friction,mass,fragility,texture","stiffness,friction,mass,fragility,porosity",porosity,373248,373248,"stiffness,friction,mass,fragility,porosity","stiffness,friction,mass,fragility,porosity",324,324,0.6590815232000001,1.0,1.0,1.0,0.0,0.06,0.94,,,bought targeted probes for hidden task attributes
hidden_single,pinch,abstaining_icip,"size,shape,stiffness,friction,mass,fragility,texture","stiffness,friction,mass,fragility,porosity",porosity,373248,373248,"stiffness,friction,mass,fragility,porosity","stiffness,friction,mass,fragility",324,108,0.23879765333333336,0.0,1.0,0.0,1.0,0.0,0.0,porosity,porosity,abstained because the task partition is unobservable
hidden_single,suction,global_id,"size,shape,porosity,mass,texture,liquid,material","shape,porosity,mass,liquid,stiffness",stiffness,373248,373248,"size,shape,stiffness,porosity,friction,mass,fragility,thermal,texture,liquid,material","size,shape,porosity,mass,texture,liquid,material",373248,4608,0.006886995076993581,0.3333333333333333,0.3333333333333333,1.0,0.0,0.0,0.3333333333333333,"stiffness,friction,fragility,thermal",stiffness,
hidden_single,suction,common_label,"size,shape,porosity,mass,texture,liquid,material","shape,porosity,mass,liquid,stiffness",stiffness,373248,373248,"size,shape","size,shape",16,16,0.8464,0.013888888888888888,0.013888888888888888,1.0,0.0,0.0,0.013888888888888888,,"porosity,mass,liquid,stiffness",
hidden_single,suction,oracle_icip,"size,shape,porosity,mass,texture,liquid,material","shape,porosity,mass,liquid,stiffness",stiffness,373248,373248,"shape,porosity,mass,liquid,stiffness","shape,porosity,mass,liquid",288,96,0.23879765333333336,0.3333333333333333,0.3333333333333333,1.0,0.0,0.0,0.3333333333333333,stiffness,stiffness,observable quotient is insufficient because the task asks for hidden attributes
hidden_single,suction,learned_icip,"size,shape,porosity,mass,texture,liquid,material","shape,porosity,mass,liquid,stiffness",stiffness,373248,373248,"shape,porosity,mass,liquid,stiffness","shape,porosity,mass,liquid",288,96,0.23879765333333336,0.3333333333333333,0.3333333333333333,1.0,0.0,0.0,0.3333333333333333,stiffness,stiffness,
hidden_single,suction,universal_refinement,"size,shape,porosity,mass,texture,liquid,material","shape,porosity,mass,liquid,stiffness",stiffness,373248,373248,"fragility,friction,liquid,mass,material,porosity,shape,size,stiffness,thermal","liquid,mass,material,porosity,shape,size",124416,1536,0.007485864214123457,0.3333333333333333,0.3333333333333333,1.0,0.0,0.0,0.3333333333333333,"fragility,friction,stiffness,thermal",stiffness,
hidden_single,suction,universal_coarsening,"size,shape,porosity,mass,texture,liquid,material","shape,porosity,mass,liquid,stiffness",stiffness,373248,373248,"size,shape","size,shape",16,16,0.8464,0.013888888888888888,0.013888888888888888,1.0,0.0,0.0,0.013888888888888888,,"porosity,mass,liquid,stiffness",
hidden_single,suction,multimodal_fusion,"size,shape,porosity,mass,texture,liquid,material","shape,porosity,mass,liquid,stiffness",stiffness,373248,373248,"size,shape,stiffness,porosity,friction,mass,fragility,thermal,texture,liquid,material","size,shape,stiffness,porosity,friction,mass,fragility,thermal,texture,liquid,material",373248,373248,0.3996373778857418,1.0,1.0,1.0,0.0,0.18,0.8200000000000001,,,
hidden_single,suction,interface_router,"size,shape,porosity,mass,texture,liquid,material","shape,porosity,mass,liquid,stiffness",stiffness,373248,373248,"shape,porosity,mass,liquid,stiffness","shape,porosity,mass,liquid",288,96,0.23879765333333336,0.3333333333333333,0.3333333333333333,1.0,0.0,0.0,0.3333333333333333,stiffness,stiffness,no interface covers all task attributes
hidden_single,suction,active_icip,"size,shape,porosity,mass,texture,liquid,material","shape,porosity,mass,liquid,stiffness",stiffness,373248,373248,"shape,porosity,mass,liquid,stiffness","shape,porosity,mass,liquid,stiffness",288,288,0.6590815232000001,1.0,1.0,1.0,0.0,0.06,0.94,,,bought targeted probes for hidden task attributes
hidden_single,suction,abstaining_icip,"size,shape,porosity,mass,texture,liquid,material","shape,porosity,mass,liquid,stiffness",stiffness,373248,373248,"shape,porosity,mass,liquid,stiffness","shape,porosity,mass,liquid",288,96,0.23879765333333336,0.0,1.0,0.0,1.0,0.0,0.0,stiffness,stiffness,abstained because the task partition is unobservable
hidden_single,enveloping,global_id,"size,shape,stiffness,mass,fragility,texture","size,stiffness,fragility,porosity",porosity,373248,373248,"size,shape,stiffness,porosity,friction,mass,fragility,thermal,texture,liquid,material","size,shape,stiffness,mass,fragility,texture",373248,1728,0.0028071990802962963,0.3333333333333333,0.3333333333333333,1.0,0.0,0.0,0.3333333333333333,"porosity,friction,thermal,liquid,material",porosity,
hidden_single,enveloping,common_label,"size,shape,stiffness,mass,fragility,texture","size,stiffness,fragility,porosity",porosity,373248,373248,"size,shape","size,shape",16,16,0.8464,0.037037037037037035,0.037037037037037035,1.0,0.0,0.0,0.037037037037037035,,"stiffness,fragility,porosity",
hidden_single,enveloping,oracle_icip,"size,shape,stiffness,mass,fragility,texture","size,stiffness,fragility,porosity",porosity,373248,373248,"size,stiffness,fragility,porosity","size,stiffness,fragility",108,36,0.25956266666666666,0.3333333333333333,0.3333333333333333,1.0,0.0,0.0,0.3333333333333333,porosity,porosity,observable quotient is insufficient because the task asks for hidden attributes
hidden_single,enveloping,learned_icip,"size,shape,stiffness,mass,fragility,texture","size,stiffness,fragility,porosity",porosity,373248,373248,"size,stiffness,fragility,porosity","size,stiffness,fragility",108,36,0.25956266666666666,0.3333333333333333,0.3333333333333333,1.0,0.0,0.0,0.3333333333333333,porosity,porosity,
hidden_single,enveloping,universal_refinement,"size,shape,stiffness,mass,fragility,texture","size,stiffness,fragility,porosity",porosity,373248,373248,"fragility,friction,liquid,mass,material,porosity,shape,size,stiffness,thermal","fragility,mass,shape,size,stiffness",124416,576,0.0030513033481481483,0.3333333333333333,0.3333333333333333,1.0,0.0,0.0,0.3333333333333333,"friction,liquid,material,porosity,thermal",porosity,
hidden_single,enveloping,universal_coarsening,"size,shape,stiffness,mass,fragility,texture","size,stiffness,fragility,porosity",porosity,373248,373248,"size,shape","size,shape",16,16,0.8464,0.037037037037037035,0.037037037037037035,1.0,0.0,0.0,0.037037037037037035,,"stiffness,fragility,porosity",
hidden_single,enveloping,multimodal_fusion,"size,shape,stiffness,mass,fragility,texture","size,stiffness,fragility,porosity",porosity,373248,373248,"size,shape,stiffness,porosity,friction,mass,fragility,thermal,texture,liquid,material","size,shape,stiffness,porosity,friction,mass,fragility,thermal,texture,liquid,material",373248,373248,0.3996373778857418,1.0,1.0,1.0,0.0,0.18,0.8200000000000001,,,
hidden_single,enveloping,interface_router,"size,shape,stiffness,mass,fragility,texture","size,stiffness,fragility,porosity",porosity,373248,373248,"size,stiffness,fragility,porosity","size,stiffness,fragility,porosity",108,108,0.7163929600000001,1.0,1.0,1.0,0.0,0.08,0.92,,,routed to needle
hidden_single,enveloping,active_icip,"size,shape,stiffness,mass,fragility,texture","size,stiffness,fragility,porosity",porosity,373248,373248,"size,stiffness,fragility,porosity","size,stiffness,fragility,porosity",108,108,0.7163929600000001,1.0,1.0,1.0,0.0,0.06,0.94,,,bought targeted probes for hidden task attributes
hidden_single,enveloping,abstaining_icip,"size,shape,stiffness,mass,fragility,texture","size,stiffness,fragility,porosity",porosity,373248,373248,"size,stiffness,fragility,porosity","size,stiffness,fragility",108,36,0.25956266666666666,0.0,1.0,0.0,1.0,0.0,0.0,porosity,porosity,abstained because the task partition is unobservable
hidden_single,spatula,global_id,"size,shape,mass,friction,fragility,liquid","mass,friction,fragility,liquid,stiffness",stiffness,373248,373248,"size,shape,stiffness,porosity,friction,mass,fragility,thermal,texture,liquid,material","size,shape,friction,mass,fragility,liquid",373248,1152,0.0018714660535308642,0.3333333333333333,0.3333333333333333,1.0,0.0,0.0,0.3333333333333333,"stiffness,porosity,thermal,texture,material",stiffness,
hidden_single,spatula,common_label,"size,shape,mass,friction,fragility,liquid","mass,friction,fragility,liquid,stiffness",stiffness,373248,373248,"size,shape","size,shape",16,16,0.8464,0.004629629629629629,0.004629629629629629,1.0,0.0,0.0,0.004629629629629629,,"mass,friction,fragility,liquid,stiffness",
hidden_single,spatula,oracle_icip,"size,shape,mass,friction,fragility,liquid","mass,friction,fragility,liquid,stiffness",stiffness,373248,373248,"mass,friction,fragility,liquid,stiffness","mass,friction,fragility,liquid",216,72,0.23879765333333336,0.3333333333333333,0.3333333333333333,1.0,0.0,0.0,0.3333333333333333,stiffness,stiffness,observable quotient is insufficient because the task asks for hidden attributes
hidden_single,spatula,learned_icip,"size,shape,mass,friction,fragility,liquid","mass,friction,fragility,liquid,stiffness",stiffness,373248,373248,"mass,friction,fragility,liquid,stiffness","mass,friction,fragility,liquid",216,72,0.23879765333333336,0.3333333333333333,0.3333333333333333,1.0,0.0,0.0,0.3333333333333333,stiffness,stiffness,
hidden_single,spatula,universal_refinement,"size,shape,mass,friction,fragility,liquid","mass,friction,fragility,liquid,stiffness",stiffness,373248,373248,"fragility,friction,liquid,mass,material,porosity,shape,size,stiffness,thermal","fragility,friction,liquid,mass,shape,size",124416,1152,0.005614398160592593,0.3333333333333333,0.3333333333333333,1.0,0.0,0.0,0.3333333333333333,"material,porosity,stiffness,thermal",stiffness,
hidden_single,spatula,universal_coarsening,"size,shape,mass,friction,fragility,liquid","mass,friction,fragility,liquid,stiffness",stiffness,373248,373248,"size,shape","size,shape",16,16,0.8464,0.004629629629629629,0.004629629629629629,1.0,0.0,0.0,0.004629629629629629,,"mass,friction,fragility,liquid,stiffness",
hidden_single,spatula,multimodal_fusion,"size,shape,mass,friction,fragility,liquid","mass,friction,fragility,liquid,stiffness",stiffness,373248,373248,"size,shape,stiffness,porosity,friction,mass,fragility,thermal,texture,liquid,material","size,shape,stiffness,porosity,friction,mass,fragility,thermal,texture,liquid,material",373248,373248,0.3996373778857418,1.0,1.0,1.0,0.0,0.18,0.8200000000000001,,,
hidden_single,spatula,interface_router,"size,shape,mass,friction,fragility,liquid","mass,friction,fragility,liquid,stiffness",stiffness,373248,373248,"mass,friction,fragility,liquid,stiffness","mass,friction,fragility,liquid",216,72,0.23879765333333336,0.3333333333333333,0.3333333333333333,1.0,0.0,0.0,0.3333333333333333,stiffness,stiffness,no interface covers all task attributes
hidden_single,spatula,active_icip,"size,shape,mass,friction,fragility,liquid","mass,friction,fragility,liquid,stiffness",stiffness,373248,373248,"mass,friction,fragility,liquid,stiffness","mass,friction,fragility,liquid,stiffness",216,216,0.6590815232000001,1.0,1.0,1.0,0.0,0.06,0.94,,,bought targeted probes for hidden task attributes
hidden_single,spatula,abstaining_icip,"size,shape,mass,friction,fragility,liquid","mass,friction,fragility,liquid,stiffness",stiffness,373248,373248,"mass,friction,fragility,liquid,stiffness","mass,friction,fragility,liquid",216,72,0.23879765333333336,0.0,1.0,0.0,1.0,0.0,0.0,stiffness,stiffness,abstained because the task partition is unobservable
hidden_single,magnetic,global_id,"size,shape,mass,thermal,texture,material","mass,thermal,material,stiffness",stiffness,373248,373248,"size,shape,stiffness,porosity,friction,mass,fragility,thermal,texture,liquid,material","size,shape,mass,thermal,texture,material",373248,2304,0.0037429321070617284,0.3333333333333333,0.3333333333333333,1.0,0.0,0.0,0.3333333333333333,"stiffness,porosity,friction,fragility,liquid",stiffness,
hidden_single,magnetic,common_label,"size,shape,mass,thermal,texture,material","mass,thermal,material,stiffness",stiffness,373248,373248,"size,shape","size,shape",16,16,0.8464,0.006944444444444444,0.006944444444444444,1.0,0.0,0.0,0.006944444444444444,,"mass,thermal,material,stiffness",
hidden_single,magnetic,oracle_icip,"size,shape,mass,thermal,texture,material","mass,thermal,material,stiffness",stiffness,373248,373248,"mass,thermal,material,stiffness","mass,thermal,material",144,48,0.25956266666666666,0.3333333333333333,0.3333333333333333,1.0,0.0,0.0,0.3333333333333333,stiffness,stiffness,observable quotient is insufficient because the task asks for hidden attributes
hidden_single,magnetic,learned_icip,"size,shape,mass,thermal,texture,material","mass,thermal,material,stiffness",stiffness,373248,373248,"mass,thermal,material,stiffness","mass,thermal,material",144,48,0.25956266666666666,0.3333333333333333,0.3333333333333333,1.0,0.0,0.0,0.3333333333333333,stiffness,stiffness,
hidden_single,magnetic,universal_refinement,"size,shape,mass,thermal,texture,material","mass,thermal,material,stiffness",stiffness,373248,373248,"fragility,friction,liquid,mass,material,porosity,shape,size,stiffness,thermal","mass,material,shape,size,thermal",124416,768,0.0040684044641975305,0.3333333333333333,0.3333333333333333,1.0,0.0,0.0,0.3333333333333333,"fragility,friction,liquid,porosity,stiffness",stiffness,
hidden_single,magnetic,universal_coarsening,"size,shape,mass,thermal,texture,material","mass,thermal,material,stiffness",stiffness,373248,373248,"size,shape","size,shape",16,16,0.8464,0.006944444444444444,0.006944444444444444,1.0,0.0,0.0,0.006944444444444444,,"mass,thermal,material,stiffness",
hidden_single,magnetic,multimodal_fusion,"size,shape,mass,thermal,texture,material","mass,thermal,material,stiffness",stiffness,373248,373248,"size,shape,stiffness,porosity,friction,mass,fragility,thermal,texture,liquid,material","size,shape,stiffness,porosity,friction,mass,fragility,thermal,texture,liquid,material",373248,373248,0.3996373778857418,1.0,1.0,1.0,0.0,0.18,0.8200000000000001,,,
hidden_single,magnetic,interface_router,"size,shape,mass,thermal,texture,material","mass,thermal,material,stiffness",stiffness,373248,373248,"mass,thermal,material,stiffness","mass,thermal,material",144,48,0.25956266666666666,0.3333333333333333,0.3333333333333333,1.0,0.0,0.0,0.3333333333333333,stiffness,stiffness,no interface covers all task attributes
hidden_single,magnetic,active_icip,"size,shape,mass,thermal,texture,material","mass,thermal,material,stiffness",stiffness,373248,373248,"mass,thermal,material,stiffness","mass,thermal,material,stiffness",144,144,0.7163929600000001,1.0,1.0,1.0,0.0,0.06,0.94,,,bought targeted probes for hidden task attributes
hidden_single,magnetic,abstaining_icip,"size,shape,mass,thermal,texture,material","mass,thermal,material,stiffness",stiffness,373248,373248,"mass,thermal,material,stiffness","mass,thermal,material",144,48,0.25956266666666666,0.0,1.0,0.0,1.0,0.0,0.0,stiffness,stiffness,abstained because the task partition is unobservable
hidden_single,needle,global_id,"size,shape,stiffness,porosity,fragility,liquid,texture","stiffness,porosity,fragility,liquid,friction",friction,373248,373248,"size,shape,stiffness,porosity,friction,mass,fragility,thermal,texture,liquid,material","size,shape,stiffness,porosity,fragility,texture,liquid",373248,2592,0.0038739347308088894,0.3333333333333333,0.3333333333333333,1.0,0.0,0.0,0.3333333333333333,"friction,mass,thermal,material",friction,
hidden_single,needle,common_label,"size,shape,stiffness,porosity,fragility,liquid,texture","stiffness,porosity,fragility,liquid,friction",friction,373248,373248,"size,shape","size,shape",16,16,0.8464,0.006172839506172839,0.006172839506172839,1.0,0.0,0.0,0.006172839506172839,,"stiffness,porosity,fragility,liquid,friction",
hidden_single,needle,oracle_icip,"size,shape,stiffness,porosity,fragility,liquid,texture","stiffness,porosity,fragility,liquid,friction",friction,373248,373248,"stiffness,porosity,fragility,liquid,friction","stiffness,porosity,fragility,liquid",162,54,0.23879765333333336,0.3333333333333333,0.3333333333333333,1.0,0.0,0.0,0.3333333333333333,friction,friction,observable quotient is insufficient because the task asks for hidden attributes
hidden_single,needle,learned_icip,"size,shape,stiffness,porosity,fragility,liquid,texture","stiffness,porosity,fragility,liquid,friction",friction,373248,373248,"stiffness,porosity,fragility,liquid,friction","stiffness,porosity,fragility,liquid",162,54,0.23879765333333336,0.3333333333333333,0.3333333333333333,1.0,0.0,0.0,0.3333333333333333,friction,friction,
hidden_single,needle,universal_refinement,"size,shape,stiffness,porosity,fragility,liquid,texture","stiffness,porosity,fragility,liquid,friction",friction,373248,373248,"fragility,friction,liquid,mass,material,porosity,shape,size,stiffness,thermal","fragility,liquid,porosity,shape,size,stiffness",124416,864,0.004210798620444444,0.3333333333333333,0.3333333333333333,1.0,0.0,0.0,0.3333333333333333,"friction,mass,material,thermal",friction,
hidden_single,needle,universal_coarsening,"size,shape,stiffness,porosity,fragility,liquid,texture","stiffness,porosity,fragility,liquid,friction",friction,373248,373248,"size,shape","size,shape",16,16,0.8464,0.006172839506172839,0.006172839506172839,1.0,0.0,0.0,0.006172839506172839,,"stiffness,porosity,fragility,liquid,friction",
hidden_single,needle,multimodal_fusion,"size,shape,stiffness,porosity,fragility,liquid,texture","stiffness,porosity,fragility,liquid,friction",friction,373248,373248,"size,shape,stiffness,porosity,friction,mass,fragility,thermal,texture,liquid,material","size,shape,stiffness,porosity,friction,mass,fragility,thermal,texture,liquid,material",373248,373248,0.3996373778857418,1.0,1.0,1.0,0.0,0.18,0.8200000000000001,,,
hidden_single,needle,interface_router,"size,shape,stiffness,porosity,fragility,liquid,texture","stiffness,porosity,fragility,liquid,friction",friction,373248,373248,"stiffness,porosity,fragility,liquid,friction","stiffness,porosity,fragility,liquid",162,54,0.23879765333333336,0.3333333333333333,0.3333333333333333,1.0,0.0,0.0,0.3333333333333333,friction,friction,no interface covers all task attributes
hidden_single,needle,active_icip,"size,shape,stiffness,porosity,fragility,liquid,texture","stiffness,porosity,fragility,liquid,friction",friction,373248,373248,"stiffness,porosity,fragility,liquid,friction","stiffness,porosity,fragility,liquid,friction",162,162,0.6590815232000001,1.0,1.0,1.0,0.0,0.06,0.94,,,bought targeted probes for hidden task attributes
hidden_single,needle,abstaining_icip,"size,shape,stiffness,porosity,fragility,liquid,texture","stiffness,porosity,fragility,liquid,friction",friction,373248,373248,"stiffness,porosity,fragility,liquid,friction","stiffness,porosity,fragility,liquid",162,54,0.23879765333333336,0.0,1.0,0.0,1.0,0.0,0.0,friction,friction,abstained because the task partition is unobservable
hidden_single,clamp,global_id,"size,shape,stiffness,friction,mass,thermal,texture","size,stiffness,friction,mass,thermal,porosity",porosity,373248,373248,"size,shape,stiffness,porosity,friction,mass,fragility,thermal,texture,liquid,material","size,shape,stiffness,friction,mass,thermal,texture",373248,5184,0.007747869461617777,0.3333333333333333,0.3333333333333333,1.0,0.0,0.0,0.3333333333333333,"porosity,fragility,liquid,material",porosity,
hidden_single,clamp,common_label,"size,shape,stiffness,friction,mass,thermal,texture","size,stiffness,friction,mass,thermal,porosity",porosity,373248,373248,"size,shape","size,shape",16,16,0.8464,0.0030864197530864196,0.0030864197530864196,1.0,0.0,0.0,0.0030864197530864196,,"stiffness,friction,mass,thermal,porosity",
hidden_single,clamp,oracle_icip,"size,shape,stiffness,friction,mass,thermal,texture","size,stiffness,friction,mass,thermal,porosity",porosity,373248,373248,"size,stiffness,friction,mass,thermal,porosity","size,stiffness,friction,mass,thermal",1296,432,0.2196938410666667,0.3333333333333333,0.3333333333333333,1.0,0.0,0.0,0.3333333333333333,porosity,porosity,observable quotient is insufficient because the task asks for hidden attributes
hidden_single,clamp,learned_icip,"size,shape,stiffness,friction,mass,thermal,texture","size,stiffness,friction,mass,thermal,porosity",porosity,373248,373248,"size,stiffness,friction,mass,thermal,porosity","size,stiffness,friction,mass,thermal",1296,432,0.2196938410666667,0.3333333333333333,0.3333333333333333,1.0,0.0,0.0,0.3333333333333333,porosity,porosity,
hidden_single,clamp,universal_refinement,"size,shape,stiffness,friction,mass,thermal,texture","size,stiffness,friction,mass,thermal,porosity",porosity,373248,373248,"fragility,friction,liquid,mass,material,porosity,shape,size,stiffness,thermal","friction,mass,shape,size,stiffness,thermal",124416,1728,0.00842159724088889,0.3333333333333333,0.3333333333333333,1.0,0.0,0.0,0.3333333333333333,"fragility,liquid,material,porosity",porosity,
hidden_single,clamp,universal_coarsening,"size,shape,stiffness,friction,mass,thermal,texture","size,stiffness,friction,mass,thermal,porosity",porosity,373248,373248,"size,shape","size,shape",16,16,0.8464,0.0030864197530864196,0.0030864197530864196,1.0,0.0,0.0,0.0030864197530864196,,"stiffness,friction,mass,thermal,porosity",
hidden_single,clamp,multimodal_fusion,"size,shape,stiffness,friction,mass,thermal,texture","size,stiffness,friction,mass,thermal,porosity",porosity,373248,373248,"size,shape,stiffness,porosity,friction,mass,fragility,thermal,texture,liquid,material","size,shape,stiffness,porosity,friction,mass,fragility,thermal,texture,liquid,material",373248,373248,0.3996373778857418,1.0,1.0,1.0,0.0,0.18,0.8200000000000001,,,
hidden_single,clamp,interface_router,"size,shape,stiffness,friction,mass,thermal,texture","size,stiffness,friction,mass,thermal,porosity",porosity,373248,373248,"size,stiffness,friction,mass,thermal,porosity","size,stiffness,friction,mass,thermal",1296,432,0.2196938410666667,0.3333333333333333,0.3333333333333333,1.0,0.0,0.0,0.3333333333333333,porosity,porosity,no interface covers all task attributes
hidden_single,clamp,active_icip,"size,shape,stiffness,friction,mass,thermal,texture","size,stiffness,friction,mass,thermal,porosity",porosity,373248,373248,"size,stiffness,friction,mass,thermal,porosity","size,stiffness,friction,mass,thermal,porosity",1296,1296,0.6063550013440001,1.0,1.0,1.0,0.0,0.06,0.94,,,bought targeted probes for hidden task attributes
hidden_single,clamp,abstaining_icip,"size,shape,stiffness,friction,mass,thermal,texture","size,stiffness,friction,mass,thermal,porosity",porosity,373248,373248,"size,stiffness,friction,mass,thermal,porosity","size,stiffness,friction,mass,thermal",1296,432,0.2196938410666667,0.0,1.0,0.0,1.0,0.0,0.0,porosity,porosity,abstained because the task partition is unobservable
hidden_pair,pinch,global_id,"size,shape,stiffness,friction,mass,fragility,texture","stiffness,friction,mass,fragility,porosity,thermal","porosity,thermal",373248,373248,"size,shape,stiffness,porosity,friction,mass,fragility,thermal,texture,liquid,material","size,shape,stiffness,friction,mass,fragility,texture",373248,5184,0.007747869461617777,0.1111111111111111,0.1111111111111111,1.0,0.0,0.0,0.1111111111111111,"porosity,thermal,liquid,material","porosity,thermal",
hidden_pair,pinch,common_label,"size,shape,stiffness,friction,mass,fragility,texture","stiffness,friction,mass,fragility,porosity,thermal","porosity,thermal",373248,373248,"size,shape","size,shape",16,16,0.8464,0.00102880658436214,0.00102880658436214,1.0,0.0,0.0,0.00102880658436214,,"stiffness,friction,mass,fragility,porosity,thermal",
hidden_pair,pinch,oracle_icip,"size,shape,stiffness,friction,mass,fragility,texture","stiffness,friction,mass,fragility,porosity,thermal","porosity,thermal",373248,373248,"stiffness,friction,mass,fragility,porosity,thermal","stiffness,friction,mass,fragility",972,108,0.07959921777777779,0.1111111111111111,0.1111111111111111,1.0,0.0,0.0,0.1111111111111111,"porosity,thermal","porosity,thermal",observable quotient is insufficient because the task asks for hidden attributes
hidden_pair,pinch,learned_icip,"size,shape,stiffness,friction,mass,fragility,texture","stiffness,friction,mass,fragility,porosity,thermal","porosity,thermal",373248,373248,"stiffness,friction,mass,fragility,porosity,thermal","stiffness,friction,mass,fragility",972,108,0.07959921777777779,0.1111111111111111,0.1111111111111111,1.0,0.0,0.0,0.1111111111111111,"porosity,thermal","porosity,thermal",
hidden_pair,pinch,universal_refinement,"size,shape,stiffness,friction,mass,fragility,texture","stiffness,friction,mass,fragility,porosity,thermal","porosity,thermal",373248,373248,"fragility,friction,liquid,mass,material,porosity,shape,size,stiffness,thermal","fragility,friction,mass,shape,size,stiffness",124416,1728,0.008421597240888888,0.1111111111111111,0.1111111111111111,1.0,0.0,0.0,0.1111111111111111,"liquid,material,porosity,thermal","porosity,thermal",
hidden_pair,pinch,universal_coarsening,"size,shape,stiffness,friction,mass,fragility,texture","stiffness,friction,mass,fragility,porosity,thermal","porosity,thermal",373248,373248,"size,shape","size,shape",16,16,0.8464,0.00102880658436214,0.00102880658436214,1.0,0.0,0.0,0.00102880658436214,,"stiffness,friction,mass,fragility,porosity,thermal",
hidden_pair,pinch,multimodal_fusion,"size,shape,stiffness,friction,mass,fragility,texture","stiffness,friction,mass,fragility,porosity,thermal","porosity,thermal",373248,373248,"size,shape,stiffness,porosity,friction,mass,fragility,thermal,texture,liquid,material","size,shape,stiffness,porosity,friction,mass,fragility,thermal,texture,liquid,material",373248,373248,0.3996373778857418,1.0,1.0,1.0,0.0,0.18,0.8200000000000001,,,
hidden_pair,pinch,interface_router,"size,shape,stiffness,friction,mass,fragility,texture","stiffness,friction,mass,fragility,porosity,thermal","porosity,thermal",373248,373248,"stiffness,friction,mass,fragility,porosity,thermal","stiffness,friction,mass,fragility",972,108,0.07959921777777779,0.1111111111111111,0.1111111111111111,1.0,0.0,0.0,0.1111111111111111,"porosity,thermal","porosity,thermal",no interface covers all task attributes
hidden_pair,pinch,active_icip,"size,shape,stiffness,friction,mass,fragility,texture","stiffness,friction,mass,fragility,porosity,thermal","porosity,thermal",373248,373248,"stiffness,friction,mass,fragility,porosity,thermal","stiffness,friction,mass,fragility,porosity,thermal",972,972,0.6063550013440001,1.0,1.0,1.0,0.0,0.12,0.88,,,bought targeted probes for hidden task attributes
hidden_pair,pinch,abstaining_icip,"size,shape,stiffness,friction,mass,fragility,texture","stiffness,friction,mass,fragility,porosity,thermal","porosity,thermal",373248,373248,"stiffness,friction,mass,fragility,porosity,thermal","stiffness,friction,mass,fragility",972,108,0.07959921777777779,0.0,1.0,0.0,1.0,0.0,0.0,"porosity,thermal","porosity,thermal",abstained because the task partition is unobservable
hidden_pair,suction,global_id,"size,shape,porosity,mass,texture,liquid,material","shape,porosity,mass,liquid,stiffness,friction","stiffness,friction",373248,373248,"size,shape,stiffness,porosity,friction,mass,fragility,thermal,texture,liquid,material","size,shape,porosity,mass,texture,liquid,material",373248,4608,0.006886995076993581,0.1111111111111111,0.1111111111111111,1.0,0.0,0.0,0.1111111111111111,"stiffness,friction,fragility,thermal","stiffness,friction",
hidden_pair,suction,common_label,"size,shape,porosity,mass,texture,liquid,material","shape,porosity,mass,liquid,stiffness,friction","stiffness,friction",373248,373248,"size,shape","size,shape",16,16,0.8464,0.004629629629629629,0.004629629629629629,1.0,0.0,0.0,0.004629629629629629,,"porosity,mass,liquid,stiffness,friction",
hidden_pair,suction,oracle_icip,"size,shape,porosity,mass,texture,liquid,material","shape,porosity,mass,liquid,stiffness,friction","stiffness,friction",373248,373248,"shape,porosity,mass,liquid,stiffness,friction","shape,porosity,mass,liquid",864,96,0.07959921777777779,0.1111111111111111,0.1111111111111111,1.0,0.0,0.0,0.1111111111111111,"stiffness,friction","stiffness,friction",observable quotient is insufficient because the task asks for hidden attributes
hidden_pair,suction,learned_icip,"size,shape,porosity,mass,texture,liquid,material","shape,porosity,mass,liquid,stiffness,friction","stiffness,friction",373248,373248,"shape,porosity,mass,liquid,stiffness,friction","shape,porosity,mass,liquid",864,96,0.07959921777777779,0.1111111111111111,0.1111111111111111,1.0,0.0,0.0,0.1111111111111111,"stiffness,friction","stiffness,friction",
hidden_pair,suction,universal_refinement,"size,shape,porosity,mass,texture,liquid,material","shape,porosity,mass,liquid,stiffness,friction","stiffness,friction",373248,373248,"fragility,friction,liquid,mass,material,porosity,shape,size,stiffness,thermal","liquid,mass,material,porosity,shape,size",124416,1536,0.007485864214123457,0.1111111111111111,0.1111111111111111,1.0,0.0,0.0,0.1111111111111111,"fragility,friction,stiffness,thermal","stiffness,friction",
hidden_pair,suction,universal_coarsening,"size,shape,porosity,mass,texture,liquid,material","shape,porosity,mass,liquid,stiffness,friction","stiffness,friction",373248,373248,"size,shape","size,shape",16,16,0.8464,0.004629629629629629,0.004629629629629629,1.0,0.0,0.0,0.004629629629629629,,"porosity,mass,liquid,stiffness,friction",
hidden_pair,suction,multimodal_fusion,"size,shape,porosity,mass,texture,liquid,material","shape,porosity,mass,liquid,stiffness,friction","stiffness,friction",373248,373248,"size,shape,stiffness,porosity,friction,mass,fragility,thermal,texture,liquid,material","size,shape,stiffness,porosity,friction,mass,fragility,thermal,texture,liquid,material",373248,373248,0.3996373778857418,1.0,1.0,1.0,0.0,0.18,0.8200000000000001,,,
hidden_pair,suction,interface_router,"size,shape,porosity,mass,texture,liquid,material","shape,porosity,mass,liquid,stiffness,friction","stiffness,friction",373248,373248,"shape,porosity,mass,liquid,stiffness,friction","shape,porosity,mass,liquid",864,96,0.07959921777777779,0.1111111111111111,0.1111111111111111,1.0,0.0,0.0,0.1111111111111111,"stiffness,friction","stiffness,friction",no interface covers all task attributes
hidden_pair,suction,active_icip,"size,shape,porosity,mass,texture,liquid,material","shape,porosity,mass,liquid,stiffness,friction","stiffness,friction",373248,373248,"shape,porosity,mass,liquid,stiffness,friction","shape,porosity,mass,liquid,stiffness,friction",864,864,0.6063550013440001,1.0,1.0,1.0,0.0,0.12,0.88,,,bought targeted probes for hidden task attributes
hidden_pair,suction,abstaining_icip,"size,shape,porosity,mass,texture,liquid,material","shape,porosity,mass,liquid,stiffness,friction","stiffness,friction",373248,373248,"shape,porosity,mass,liquid,stiffness,friction","shape,porosity,mass,liquid",864,96,0.07959921777777779,0.0,1.0,0.0,1.0,0.0,0.0,"stiffness,friction","stiffness,friction",abstained because the task partition is unobservable
hidden_pair,enveloping,global_id,"size,shape,stiffness,mass,fragility,texture","size,stiffness,fragility,porosity,friction","porosity,friction",373248,373248,"size,shape,stiffness,porosity,friction,mass,fragility,thermal,texture,liquid,material","size,shape,stiffness,mass,fragility,texture",373248,1728,0.0028071990802962963,0.1111111111111111,0.1111111111111111,1.0,0.0,0.0,0.1111111111111111,"porosity,friction,thermal,liquid,material","porosity,friction",
hidden_pair,enveloping,common_label,"size,shape,stiffness,mass,fragility,texture","size,stiffness,fragility,porosity,friction","porosity,friction",373248,373248,"size,shape","size,shape",16,16,0.8464,0.012345679012345678,0.012345679012345678,1.0,0.0,0.0,0.012345679012345678,,"stiffness,fragility,porosity,friction",
hidden_pair,enveloping,oracle_icip,"size,shape,stiffness,mass,fragility,texture","size,stiffness,fragility,porosity,friction","porosity,friction",373248,373248,"size,stiffness,fragility,porosity,friction","size,stiffness,fragility",324,36,0.08652088888888888,0.1111111111111111,0.1111111111111111,1.0,0.0,0.0,0.1111111111111111,"porosity,friction","porosity,friction",observable quotient is insufficient because the task asks for hidden attributes
hidden_pair,enveloping,learned_icip,"size,shape,stiffness,mass,fragility,texture","size,stiffness,fragility,porosity,friction","porosity,friction",373248,373248,"size,stiffness,fragility,porosity,friction","size,stiffness,fragility",324,36,0.08652088888888888,0.1111111111111111,0.1111111111111111,1.0,0.0,0.0,0.1111111111111111,"porosity,friction","porosity,friction",
hidden_pair,enveloping,universal_refinement,"size,shape,stiffness,mass,fragility,texture","size,stiffness,fragility,porosity,friction","porosity,friction",373248,373248,"fragility,friction,liquid,mass,material,porosity,shape,size,stiffness,thermal","fragility,mass,shape,size,stiffness",124416,576,0.0030513033481481483,0.1111111111111111,0.1111111111111111,1.0,0.0,0.0,0.1111111111111111,"friction,liquid,material,porosity,thermal","porosity,friction",
hidden_pair,enveloping,universal_coarsening,"size,shape,stiffness,mass,fragility,texture","size,stiffness,fragility,porosity,friction","porosity,friction",373248,373248,"size,shape","size,shape",16,16,0.8464,0.012345679012345678,0.012345679012345678,1.0,0.0,0.0,0.012345679012345678,,"stiffness,fragility,porosity,friction",
hidden_pair,enveloping,multimodal_fusion,"size,shape,stiffness,mass,fragility,texture","size,stiffness,fragility,porosity,friction","porosity,friction",373248,373248,"size,shape,stiffness,porosity,friction,mass,fragility,thermal,texture,liquid,material","size,shape,stiffness,porosity,friction,mass,fragility,thermal,texture,liquid,material",373248,373248,0.3996373778857418,1.0,1.0,1.0,0.0,0.18,0.8200000000000001,,,
hidden_pair,enveloping,interface_router,"size,shape,stiffness,mass,fragility,texture","size,stiffness,fragility,porosity,friction","porosity,friction",373248,373248,"size,stiffness,fragility,porosity,friction","size,stiffness,fragility",324,36,0.08652088888888888,0.1111111111111111,0.1111111111111111,1.0,0.0,0.0,0.1111111111111111,"porosity,friction","porosity,friction",no interface covers all task attributes
hidden_pair,enveloping,active_icip,"size,shape,stiffness,mass,fragility,texture","size,stiffness,fragility,porosity,friction","porosity,friction",373248,373248,"size,stiffness,fragility,porosity,friction","size,stiffness,fragility,porosity,friction",324,324,0.6590815232000001,1.0,1.0,1.0,0.0,0.12,0.88,,,bought targeted probes for hidden task attributes
hidden_pair,enveloping,abstaining_icip,"size,shape,stiffness,mass,fragility,texture","size,stiffness,fragility,porosity,friction","porosity,friction",373248,373248,"size,stiffness,fragility,porosity,friction","size,stiffness,fragility",324,36,0.08652088888888888,0.0,1.0,0.0,1.0,0.0,0.0,"porosity,friction","porosity,friction",abstained because the task partition is unobservable
hidden_pair,spatula,global_id,"size,shape,mass,friction,fragility,liquid","mass,friction,fragility,liquid,stiffness,porosity","stiffness,porosity",373248,373248,"size,shape,stiffness,porosity,friction,mass,fragility,thermal,texture,liquid,material","size,shape,friction,mass,fragility,liquid",373248,1152,0.0018714660535308642,0.1111111111111111,0.1111111111111111,1.0,0.0,0.0,0.1111111111111111,"stiffness,porosity,thermal,texture,material","stiffness,porosity",
hidden_pair,spatula,common_label,"size,shape,mass,friction,fragility,liquid","mass,friction,fragility,liquid,stiffness,porosity","stiffness,porosity",373248,373248,"size,shape","size,shape",16,16,0.8464,0.0015432098765432098,0.0015432098765432098,1.0,0.0,0.0,0.0015432098765432098,,"mass,friction,fragility,liquid,stiffness,porosity",
hidden_pair,spatula,oracle_icip,"size,shape,mass,friction,fragility,liquid","mass,friction,fragility,liquid,stiffness,porosity","stiffness,porosity",373248,373248,"mass,friction,fragility,liquid,stiffness,porosity","mass,friction,fragility,liquid",648,72,0.07959921777777779,0.1111111111111111,0.1111111111111111,1.0,0.0,0.0,0.1111111111111111,"stiffness,porosity","stiffness,porosity",observable quotient is insufficient because the task asks for hidden attributes
hidden_pair,spatula,learned_icip,"size,shape,mass,friction,fragility,liquid","mass,friction,fragility,liquid,stiffness,porosity","stiffness,porosity",373248,373248,"mass,friction,fragility,liquid,stiffness,porosity","mass,friction,fragility,liquid",648,72,0.07959921777777779,0.1111111111111111,0.1111111111111111,1.0,0.0,0.0,0.1111111111111111,"stiffness,porosity","stiffness,porosity",
hidden_pair,spatula,universal_refinement,"size,shape,mass,friction,fragility,liquid","mass,friction,fragility,liquid,stiffness,porosity","stiffness,porosity",373248,373248,"fragility,friction,liquid,mass,material,porosity,shape,size,stiffness,thermal","fragility,friction,liquid,mass,shape,size",124416,1152,0.005614398160592593,0.1111111111111111,0.1111111111111111,1.0,0.0,0.0,0.1111111111111111,"material,porosity,stiffness,thermal","stiffness,porosity",
hidden_pair,spatula,universal_coarsening,"size,shape,mass,friction,fragility,liquid","mass,friction,fragility,liquid,stiffness,porosity","stiffness,porosity",373248,373248,"size,shape","size,shape",16,16,0.8464,0.0015432098765432098,0.0015432098765432098,1.0,0.0,0.0,0.0015432098765432098,,"mass,friction,fragility,liquid,stiffness,porosity",
hidden_pair,spatula,multimodal_fusion,"size,shape,mass,friction,fragility,liquid","mass,friction,fragility,liquid,stiffness,porosity","stiffness,porosity",373248,373248,"size,shape,stiffness,porosity,friction,mass,fragility,thermal,texture,liquid,material","size,shape,stiffness,porosity,friction,mass,fragility,thermal,texture,liquid,material",373248,373248,0.3996373778857418,1.0,1.0,1.0,0.0,0.18,0.8200000000000001,,,
hidden_pair,spatula,interface_router,"size,shape,mass,friction,fragility,liquid","mass,friction,fragility,liquid,stiffness,porosity","stiffness,porosity",373248,373248,"mass,friction,fragility,liquid,stiffness,porosity","mass,friction,fragility,liquid",648,72,0.07959921777777779,0.1111111111111111,0.1111111111111111,1.0,0.0,0.0,0.1111111111111111,"stiffness,porosity","stiffness,porosity",no interface covers all task attributes
hidden_pair,spatula,active_icip,"size,shape,mass,friction,fragility,liquid","mass,friction,fragility,liquid,stiffness,porosity","stiffness,porosity",373248,373248,"mass,friction,fragility,liquid,stiffness,porosity","mass,friction,fragility,liquid,stiffness,porosity",648,648,0.6063550013440001,1.0,1.0,1.0,0.0,0.12,0.88,,,bought targeted probes for hidden task attributes
hidden_pair,spatula,abstaining_icip,"size,shape,mass,friction,fragility,liquid","mass,friction,fragility,liquid,stiffness,porosity","stiffness,porosity",373248,373248,"mass,friction,fragility,liquid,stiffness,porosity","mass,friction,fragility,liquid",648,72,0.07959921777777779,0.0,1.0,0.0,1.0,0.0,0.0,"stiffness,porosity","stiffness,porosity",abstained because the task partition is unobservable
hidden_pair,magnetic,global_id,"size,shape,mass,thermal,texture,material","mass,thermal,material,stiffness,porosity","stiffness,porosity",373248,373248,"size,shape,stiffness,porosity,friction,mass,fragility,thermal,texture,liquid,material","size,shape,mass,thermal,texture,material",373248,2304,0.0037429321070617284,0.1111111111111111,0.1111111111111111,1.0,0.0,0.0,0.1111111111111111,"stiffness,porosity,friction,fragility,liquid","stiffness,porosity",
hidden_pair,magnetic,common_label,"size,shape,mass,thermal,texture,material","mass,thermal,material,stiffness,porosity","stiffness,porosity",373248,373248,"size,shape","size,shape",16,16,0.8464,0.0023148148148148147,0.0023148148148148147,1.0,0.0,0.0,0.0023148148148148147,,"mass,thermal,material,stiffness,porosity",
hidden_pair,magnetic,oracle_icip,"size,shape,mass,thermal,texture,material","mass,thermal,material,stiffness,porosity","stiffness,porosity",373248,373248,"mass,thermal,material,stiffness,porosity","mass,thermal,material",432,48,0.08652088888888888,0.1111111111111111,0.1111111111111111,1.0,0.0,0.0,0.1111111111111111,"stiffness,porosity","stiffness,porosity",observable quotient is insufficient because the task asks for hidden attributes
hidden_pair,magnetic,learned_icip,"size,shape,mass,thermal,texture,material","mass,thermal,material,stiffness,porosity","stiffness,porosity",373248,373248,"mass,thermal,material,stiffness,porosity","mass,thermal,material",432,48,0.08652088888888888,0.1111111111111111,0.1111111111111111,1.0,0.0,0.0,0.1111111111111111,"stiffness,porosity","stiffness,porosity",
hidden_pair,magnetic,universal_refinement,"size,shape,mass,thermal,texture,material","mass,thermal,material,stiffness,porosity","stiffness,porosity",373248,373248,"fragility,friction,liquid,mass,material,porosity,shape,size,stiffness,thermal","mass,material,shape,size,thermal",124416,768,0.0040684044641975305,0.1111111111111111,0.1111111111111111,1.0,0.0,0.0,0.1111111111111111,"fragility,friction,liquid,porosity,stiffness","stiffness,porosity",
hidden_pair,magnetic,universal_coarsening,"size,shape,mass,thermal,texture,material","mass,thermal,material,stiffness,porosity","stiffness,porosity",373248,373248,"size,shape","size,shape",16,16,0.8464,0.0023148148148148147,0.0023148148148148147,1.0,0.0,0.0,0.0023148148148148147,,"mass,thermal,material,stiffness,porosity",
hidden_pair,magnetic,multimodal_fusion,"size,shape,mass,thermal,texture,material","mass,thermal,material,stiffness,porosity","stiffness,porosity",373248,373248,"size,shape,stiffness,porosity,friction,mass,fragility,thermal,texture,liquid,material","size,shape,stiffness,porosity,friction,mass,fragility,thermal,texture,liquid,material",373248,373248,0.3996373778857418,1.0,1.0,1.0,0.0,0.18,0.8200000000000001,,,
hidden_pair,magnetic,interface_router,"size,shape,mass,thermal,texture,material","mass,thermal,material,stiffness,porosity","stiffness,porosity",373248,373248,"mass,thermal,material,stiffness,porosity","mass,thermal,material",432,48,0.08652088888888888,0.1111111111111111,0.1111111111111111,1.0,0.0,0.0,0.1111111111111111,"stiffness,porosity","stiffness,porosity",no interface covers all task attributes
hidden_pair,magnetic,active_icip,"size,shape,mass,thermal,texture,material","mass,thermal,material,stiffness,porosity","stiffness,porosity",373248,373248,"mass,thermal,material,stiffness,porosity","mass,thermal,material,stiffness,porosity",432,432,0.6590815232000001,1.0,1.0,1.0,0.0,0.12,0.88,,,bought targeted probes for hidden task attributes
hidden_pair,magnetic,abstaining_icip,"size,shape,mass,thermal,texture,material","mass,thermal,material,stiffness,porosity","stiffness,porosity",373248,373248,"mass,thermal,material,stiffness,porosity","mass,thermal,material",432,48,0.08652088888888888,0.0,1.0,0.0,1.0,0.0,0.0,"stiffness,porosity","stiffness,porosity",abstained because the task partition is unobservable
hidden_pair,needle,global_id,"size,shape,stiffness,porosity,fragility,liquid,texture","stiffness,porosity,fragility,liquid,friction,mass","friction,mass",373248,373248,"size,shape,stiffness,porosity,friction,mass,fragility,thermal,texture,liquid,material","size,shape,stiffness,porosity,fragility,texture,liquid",373248,2592,0.0038739347308088894,0.08333333333333333,0.08333333333333333,1.0,0.0,0.0,0.08333333333333333,"friction,mass,thermal,material","friction,mass",
hidden_pair,needle,common_label,"size,shape,stiffness,porosity,fragility,liquid,texture","stiffness,porosity,fragility,liquid,friction,mass","friction,mass",373248,373248,"size,shape","size,shape",16,16,0.8464,0.0015432098765432098,0.0015432098765432098,1.0,0.0,0.0,0.0015432098765432098,,"stiffness,porosity,fragility,liquid,friction,mass",
hidden_pair,needle,oracle_icip,"size,shape,stiffness,porosity,fragility,liquid,texture","stiffness,porosity,fragility,liquid,friction,mass","friction,mass",373248,373248,"stiffness,porosity,fragility,liquid,friction,mass","stiffness,porosity,fragility,liquid",648,54,0.05969941333333334,0.08333333333333333,0.08333333333333333,1.0,0.0,0.0,0.08333333333333333,"friction,mass","friction,mass",observable quotient is insufficient because the task asks for hidden attributes
hidden_pair,needle,learned_icip,"size,shape,stiffness,porosity,fragility,liquid,texture","stiffness,porosity,fragility,liquid,friction,mass","friction,mass",373248,373248,"stiffness,porosity,fragility,liquid,friction,mass","stiffness,porosity,fragility,liquid",648,54,0.05969941333333334,0.08333333333333333,0.08333333333333333,1.0,0.0,0.0,0.08333333333333333,"friction,mass","friction,mass",
hidden_pair,needle,universal_refinement,"size,shape,stiffness,porosity,fragility,liquid,texture","stiffness,porosity,fragility,liquid,friction,mass","friction,mass",373248,373248,"fragility,friction,liquid,mass,material,porosity,shape,size,stiffness,thermal","fragility,liquid,porosity,shape,size,stiffness",124416,864,0.004210798620444444,0.08333333333333333,0.08333333333333333,1.0,0.0,0.0,0.08333333333333333,"friction,mass,material,thermal","friction,mass",
hidden_pair,needle,universal_coarsening,"size,shape,stiffness,porosity,fragility,liquid,texture","stiffness,porosity,fragility,liquid,friction,mass","friction,mass",373248,373248,"size,shape","size,shape",16,16,0.8464,0.0015432098765432098,0.0015432098765432098,1.0,0.0,0.0,0.0015432098765432098,,"stiffness,porosity,fragility,liquid,friction,mass",
hidden_pair,needle,multimodal_fusion,"size,shape,stiffness,porosity,fragility,liquid,texture","stiffness,porosity,fragility,liquid,friction,mass","friction,mass",373248,373248,"size,shape,stiffness,porosity,friction,mass,fragility,thermal,texture,liquid,material","size,shape,stiffness,porosity,friction,mass,fragility,thermal,texture,liquid,material",373248,373248,0.3996373778857418,1.0,1.0,1.0,0.0,0.18,0.8200000000000001,,,
hidden_pair,needle,interface_router,"size,shape,stiffness,porosity,fragility,liquid,texture","stiffness,porosity,fragility,liquid,friction,mass","friction,mass",373248,373248,"stiffness,porosity,fragility,liquid,friction,mass","stiffness,porosity,fragility,liquid",648,54,0.05969941333333334,0.08333333333333333,0.08333333333333333,1.0,0.0,0.0,0.08333333333333333,"friction,mass","friction,mass",no interface covers all task attributes
hidden_pair,needle,active_icip,"size,shape,stiffness,porosity,fragility,liquid,texture","stiffness,porosity,fragility,liquid,friction,mass","friction,mass",373248,373248,"stiffness,porosity,fragility,liquid,friction,mass","stiffness,porosity,fragility,liquid,friction,mass",648,648,0.6063550013440001,1.0,1.0,1.0,0.0,0.12,0.88,,,bought targeted probes for hidden task attributes
hidden_pair,needle,abstaining_icip,"size,shape,stiffness,porosity,fragility,liquid,texture","stiffness,porosity,fragility,liquid,friction,mass","friction,mass",373248,373248,"stiffness,porosity,fragility,liquid,friction,mass","stiffness,porosity,fragility,liquid",648,54,0.05969941333333334,0.0,1.0,0.0,1.0,0.0,0.0,"friction,mass","friction,mass",abstained because the task partition is unobservable
hidden_pair,clamp,global_id,"size,shape,stiffness,friction,mass,thermal,texture","size,stiffness,friction,mass,thermal,porosity,fragility","porosity,fragility",373248,373248,"size,shape,stiffness,porosity,friction,mass,fragility,thermal,texture,liquid,material","size,shape,stiffness,friction,mass,thermal,texture",373248,5184,0.007747869461617777,0.1111111111111111,0.1111111111111111,1.0,0.0,0.0,0.1111111111111111,"porosity,fragility,liquid,material","porosity,fragility",
hidden_pair,clamp,common_label,"size,shape,stiffness,friction,mass,thermal,texture","size,stiffness,friction,mass,thermal,porosity,fragility","porosity,fragility",373248,373248,"size,shape","size,shape",16,16,0.8464,0.00102880658436214,0.00102880658436214,1.0,0.0,0.0,0.00102880658436214,,"stiffness,friction,mass,thermal,porosity,fragility",
hidden_pair,clamp,oracle_icip,"size,shape,stiffness,friction,mass,thermal,texture","size,stiffness,friction,mass,thermal,porosity,fragility","porosity,fragility",373248,373248,"size,stiffness,friction,mass,thermal,porosity,fragility","size,stiffness,friction,mass,thermal",3888,432,0.07323128035555557,0.1111111111111111,0.1111111111111111,1.0,0.0,0.0,0.1111111111111111,"porosity,fragility","porosity,fragility",observable quotient is insufficient because the task asks for hidden attributes
hidden_pair,clamp,learned_icip,"size,shape,stiffness,friction,mass,thermal,texture","size,stiffness,friction,mass,thermal,porosity,fragility","porosity,fragility",373248,373248,"size,stiffness,friction,mass,thermal,porosity,fragility","size,stiffness,friction,mass,thermal",3888,432,0.07323128035555557,0.1111111111111111,0.1111111111111111,1.0,0.0,0.0,0.1111111111111111,"porosity,fragility","porosity,fragility",
hidden_pair,clamp,universal_refinement,"size,shape,stiffness,friction,mass,thermal,texture","size,stiffness,friction,mass,thermal,porosity,fragility","porosity,fragility",373248,373248,"fragility,friction,liquid,mass,material,porosity,shape,size,stiffness,thermal","friction,mass,shape,size,stiffness,thermal",124416,1728,0.00842159724088889,0.1111111111111111,0.1111111111111111,1.0,0.0,0.0,0.1111111111111111,"fragility,liquid,material,porosity","porosity,fragility",
hidden_pair,clamp,universal_coarsening,"size,shape,stiffness,friction,mass,thermal,texture","size,stiffness,friction,mass,thermal,porosity,fragility","porosity,fragility",373248,373248,"size,shape","size,shape",16,16,0.8464,0.00102880658436214,0.00102880658436214,1.0,0.0,0.0,0.00102880658436214,,"stiffness,friction,mass,thermal,porosity,fragility",
hidden_pair,clamp,multimodal_fusion,"size,shape,stiffness,friction,mass,thermal,texture","size,stiffness,friction,mass,thermal,porosity,fragility","porosity,fragility",373248,373248,"size,shape,stiffness,porosity,friction,mass,fragility,thermal,texture,liquid,material","size,shape,stiffness,porosity,friction,mass,fragility,thermal,texture,liquid,material",373248,373248,0.3996373778857418,1.0,1.0,1.0,0.0,0.18,0.8200000000000001,,,
hidden_pair,clamp,interface_router,"size,shape,stiffness,friction,mass,thermal,texture","size,stiffness,friction,mass,thermal,porosity,fragility","porosity,fragility",373248,373248,"size,stiffness,friction,mass,thermal,porosity,fragility","size,stiffness,friction,mass,thermal",3888,432,0.07323128035555557,0.1111111111111111,0.1111111111111111,1.0,0.0,0.0,0.1111111111111111,"porosity,fragility","porosity,fragility",no interface covers all task attributes
hidden_pair,clamp,active_icip,"size,shape,stiffness,friction,mass,thermal,texture","size,stiffness,friction,mass,thermal,porosity,fragility","porosity,fragility",373248,373248,"size,stiffness,friction,mass,thermal,porosity,fragility","size,stiffness,friction,mass,thermal,porosity,fragility",3888,3888,0.5578466012364801,1.0,1.0,1.0,0.0,0.12,0.88,,,bought targeted probes for hidden task attributes
hidden_pair,clamp,abstaining_icip,"size,shape,stiffness,friction,mass,thermal,texture","size,stiffness,friction,mass,thermal,porosity,fragility","porosity,fragility",373248,373248,"size,stiffness,friction,mass,thermal,porosity,fragility","size,stiffness,friction,mass,thermal",3888,432,0.07323128035555557,0.0,1.0,0.0,1.0,0.0,0.0,"porosity,fragility","porosity,fragility",abstained because the task partition is unobservable
irrelevant_hidden_control,pinch,global_id,"size,shape,stiffness,friction,mass,fragility,texture","stiffness,friction,mass,fragility",,373248,373248,"size,shape,stiffness,porosity,friction,mass,fragility,thermal,texture,liquid,material","size,shape,stiffness,friction,mass,fragility,texture",373248,5184,0.007747869461617777,1.0,1.0,1.0,0.0,0.0,1.0,"porosity,thermal,liquid,material",,
irrelevant_hidden_control,pinch,common_label,"size,shape,stiffness,friction,mass,fragility,texture","stiffness,friction,mass,fragility",,373248,373248,"size,shape","size,shape",16,16,0.8464,0.009259259259259259,0.009259259259259259,1.0,0.0,0.0,0.009259259259259259,,"stiffness,friction,mass,fragility",
irrelevant_hidden_control,pinch,oracle_icip,"size,shape,stiffness,friction,mass,fragility,texture","stiffness,friction,mass,fragility",,373248,373248,"stiffness,friction,mass,fragility","stiffness,friction,mass,fragility",108,108,0.7163929600000001,1.0,1.0,1.0,0.0,0.0,1.0,,,
irrelevant_hidden_control,pinch,learned_icip,"size,shape,stiffness,friction,mass,fragility,texture","stiffness,friction,mass,fragility",,373248,373248,"stiffness,friction,mass,fragility","stiffness,friction,mass,fragility",108,108,0.7163929600000001,1.0,1.0,1.0,0.0,0.0,1.0,,,
irrelevant_hidden_control,pinch,universal_refinement,"size,shape,stiffness,friction,mass,fragility,texture","stiffness,friction,mass,fragility",,373248,373248,"fragility,friction,liquid,mass,material,porosity,shape,size,stiffness,thermal","fragility,friction,mass,shape,size,stiffness",124416,1728,0.008421597240888888,1.0,1.0,1.0,0.0,0.0,1.0,"liquid,material,porosity,thermal",,
irrelevant_hidden_control,pinch,universal_coarsening,"size,shape,stiffness,friction,mass,fragility,texture","stiffness,friction,mass,fragility",,373248,373248,"size,shape","size,shape",16,16,0.8464,0.009259259259259259,0.009259259259259259,1.0,0.0,0.0,0.009259259259259259,,"stiffness,friction,mass,fragility",
irrelevant_hidden_control,pinch,multimodal_fusion,"size,shape,stiffness,friction,mass,fragility,texture","stiffness,friction,mass,fragility",,373248,373248,"size,shape,stiffness,porosity,friction,mass,fragility,thermal,texture,liquid,material","size,shape,stiffness,porosity,friction,mass,fragility,thermal,texture,liquid,material",373248,373248,0.3996373778857418,1.0,1.0,1.0,0.0,0.18,0.8200000000000001,,,
irrelevant_hidden_control,pinch,interface_router,"size,shape,stiffness,friction,mass,fragility,texture","stiffness,friction,mass,fragility",,373248,373248,"stiffness,friction,mass,fragility","stiffness,friction,mass,fragility",108,108,0.7163929600000001,1.0,1.0,1.0,0.0,0.0,1.0,,,current interface covers task
irrelevant_hidden_control,pinch,active_icip,"size,shape,stiffness,friction,mass,fragility,texture","stiffness,friction,mass,fragility",,373248,373248,"stiffness,friction,mass,fragility","stiffness,friction,mass,fragility",108,108,0.7163929600000001,1.0,1.0,1.0,0.0,0.0,1.0,,,probe not worth its cost or no hidden task gap
irrelevant_hidden_control,pinch,abstaining_icip,"size,shape,stiffness,friction,mass,fragility,texture","stiffness,friction,mass,fragility",,373248,373248,"stiffness,friction,mass,fragility","stiffness,friction,mass,fragility",108,108,0.7163929600000001,1.0,1.0,1.0,0.0,0.0,1.0,,,
irrelevant_hidden_control,suction,global_id,"size,shape,porosity,mass,texture,liquid,material","shape,porosity,mass,liquid",,373248,373248,"size,shape,stiffness,porosity,friction,mass,fragility,thermal,texture,liquid,material","size,shape,porosity,mass,texture,liquid,material",373248,4608,0.006886995076993581,1.0,1.0,1.0,0.0,0.0,1.0,"stiffness,friction,fragility,thermal",,
irrelevant_hidden_control,suction,common_label,"size,shape,porosity,mass,texture,liquid,material","shape,porosity,mass,liquid",,373248,373248,"size,shape","size,shape",16,16,0.8464,0.041666666666666664,0.041666666666666664,1.0,0.0,0.0,0.041666666666666664,,"porosity,mass,liquid",
irrelevant_hidden_control,suction,oracle_icip,"size,shape,porosity,mass,texture,liquid,material","shape,porosity,mass,liquid",,373248,373248,"shape,porosity,mass,liquid","shape,porosity,mass,liquid",96,96,0.7163929600000001,1.0,1.0,1.0,0.0,0.0,1.0,,,
irrelevant_hidden_control,suction,learned_icip,"size,shape,porosity,mass,texture,liquid,material","shape,porosity,mass,liquid",,373248,373248,"shape,porosity,mass,liquid","shape,porosity,mass,liquid",96,96,0.7163929600000001,1.0,1.0,1.0,0.0,0.0,1.0,,,
irrelevant_hidden_control,suction,universal_refinement,"size,shape,porosity,mass,texture,liquid,material","shape,porosity,mass,liquid",,373248,373248,"fragility,friction,liquid,mass,material,porosity,shape,size,stiffness,thermal","liquid,mass,material,porosity,shape,size",124416,1536,0.007485864214123457,1.0,1.0,1.0,0.0,0.0,1.0,"fragility,friction,stiffness,thermal",,
irrelevant_hidden_control,suction,universal_coarsening,"size,shape,porosity,mass,texture,liquid,material","shape,porosity,mass,liquid",,373248,373248,"size,shape","size,shape",16,16,0.8464,0.041666666666666664,0.041666666666666664,1.0,0.0,0.0,0.041666666666666664,,"porosity,mass,liquid",
irrelevant_hidden_control,suction,multimodal_fusion,"size,shape,porosity,mass,texture,liquid,material","shape,porosity,mass,liquid",,373248,373248,"size,shape,stiffness,porosity,friction,mass,fragility,thermal,texture,liquid,material","size,shape,stiffness,porosity,friction,mass,fragility,thermal,texture,liquid,material",373248,373248,0.3996373778857418,1.0,1.0,1.0,0.0,0.18,0.8200000000000001,,,
irrelevant_hidden_control,suction,interface_router,"size,shape,porosity,mass,texture,liquid,material","shape,porosity,mass,liquid",,373248,373248,"shape,porosity,mass,liquid","shape,porosity,mass,liquid",96,96,0.7163929600000001,1.0,1.0,1.0,0.0,0.0,1.0,,,current interface covers task
irrelevant_hidden_control,suction,active_icip,"size,shape,porosity,mass,texture,liquid,material","shape,porosity,mass,liquid",,373248,373248,"shape,porosity,mass,liquid","shape,porosity,mass,liquid",96,96,0.7163929600000001,1.0,1.0,1.0,0.0,0.0,1.0,,,probe not worth its cost or no hidden task gap
irrelevant_hidden_control,suction,abstaining_icip,"size,shape,porosity,mass,texture,liquid,material","shape,porosity,mass,liquid",,373248,373248,"shape,porosity,mass,liquid","shape,porosity,mass,liquid",96,96,0.7163929600000001,1.0,1.0,1.0,0.0,0.0,1.0,,,
irrelevant_hidden_control,enveloping,global_id,"size,shape,stiffness,mass,fragility,texture","size,stiffness,fragility",,373248,373248,"size,shape,stiffness,porosity,friction,mass,fragility,thermal,texture,liquid,material","size,shape,stiffness,mass,fragility,texture",373248,1728,0.0028071990802962963,1.0,1.0,1.0,0.0,0.0,1.0,"porosity,friction,thermal,liquid,material",,
irrelevant_hidden_control,enveloping,common_label,"size,shape,stiffness,mass,fragility,texture","size,stiffness,fragility",,373248,373248,"size,shape","size,shape",16,16,0.8464,0.1111111111111111,0.1111111111111111,1.0,0.0,0.0,0.1111111111111111,,"stiffness,fragility",
irrelevant_hidden_control,enveloping,oracle_icip,"size,shape,stiffness,mass,fragility,texture","size,stiffness,fragility",,373248,373248,"size,stiffness,fragility","size,stiffness,fragility",36,36,0.778688,1.0,1.0,1.0,0.0,0.0,1.0,,,
irrelevant_hidden_control,enveloping,learned_icip,"size,shape,stiffness,mass,fragility,texture","size,stiffness,fragility",,373248,373248,"size,stiffness,fragility","size,stiffness,fragility",36,36,0.778688,1.0,1.0,1.0,0.0,0.0,1.0,,,
irrelevant_hidden_control,enveloping,universal_refinement,"size,shape,stiffness,mass,fragility,texture","size,stiffness,fragility",,373248,373248,"fragility,friction,liquid,mass,material,porosity,shape,size,stiffness,thermal","fragility,mass,shape,size,stiffness",124416,576,0.0030513033481481483,1.0,1.0,1.0,0.0,0.0,1.0,"friction,liquid,material,porosity,thermal",,
irrelevant_hidden_control,enveloping,universal_coarsening,"size,shape,stiffness,mass,fragility,texture","size,stiffness,fragility",,373248,373248,"size,shape","size,shape",16,16,0.8464,0.1111111111111111,0.1111111111111111,1.0,0.0,0.0,0.1111111111111111,,"stiffness,fragility",
irrelevant_hidden_control,enveloping,multimodal_fusion,"size,shape,stiffness,mass,fragility,texture","size,stiffness,fragility",,373248,373248,"size,shape,stiffness,porosity,friction,mass,fragility,thermal,texture,liquid,material","size,shape,stiffness,porosity,friction,mass,fragility,thermal,texture,liquid,material",373248,373248,0.3996373778857418,1.0,1.0,1.0,0.0,0.18,0.8200000000000001,,,
irrelevant_hidden_control,enveloping,interface_router,"size,shape,stiffness,mass,fragility,texture","size,stiffness,fragility",,373248,373248,"size,stiffness,fragility","size,stiffness,fragility",36,36,0.778688,1.0,1.0,1.0,0.0,0.0,1.0,,,current interface covers task
irrelevant_hidden_control,enveloping,active_icip,"size,shape,stiffness,mass,fragility,texture","size,stiffness,fragility",,373248,373248,"size,stiffness,fragility","size,stiffness,fragility",36,36,0.778688,1.0,1.0,1.0,0.0,0.0,1.0,,,probe not worth its cost or no hidden task gap
irrelevant_hidden_control,enveloping,abstaining_icip,"size,shape,stiffness,mass,fragility,texture","size,stiffness,fragility",,373248,373248,"size,stiffness,fragility","size,stiffness,fragility",36,36,0.778688,1.0,1.0,1.0,0.0,0.0,1.0,,,
irrelevant_hidden_control,spatula,global_id,"size,shape,mass,friction,fragility,liquid","mass,friction,fragility,liquid",,373248,373248,"size,shape,stiffness,porosity,friction,mass,fragility,thermal,texture,liquid,material","size,shape,friction,mass,fragility,liquid",373248,1152,0.0018714660535308642,1.0,1.0,1.0,0.0,0.0,1.0,"stiffness,porosity,thermal,texture,material",,
irrelevant_hidden_control,spatula,common_label,"size,shape,mass,friction,fragility,liquid","mass,friction,fragility,liquid",,373248,373248,"size,shape","size,shape",16,16,0.8464,0.013888888888888888,0.013888888888888888,1.0,0.0,0.0,0.013888888888888888,,"mass,friction,fragility,liquid",
irrelevant_hidden_control,spatula,oracle_icip,"size,shape,mass,friction,fragility,liquid","mass,friction,fragility,liquid",,373248,373248,"mass,friction,fragility,liquid","mass,friction,fragility,liquid",72,72,0.7163929600000001,1.0,1.0,1.0,0.0,0.0,1.0,,,
irrelevant_hidden_control,spatula,learned_icip,"size,shape,mass,friction,fragility,liquid","mass,friction,fragility,liquid",,373248,373248,"mass,friction,fragility,liquid","mass,friction,fragility,liquid",72,72,0.7163929600000001,1.0,1.0,1.0,0.0,0.0,1.0,,,
irrelevant_hidden_control,spatula,universal_refinement,"size,shape,mass,friction,fragility,liquid","mass,friction,fragility,liquid",,373248,373248,"fragility,friction,liquid,mass,material,porosity,shape,size,stiffness,thermal","fragility,friction,liquid,mass,shape,size",124416,1152,0.005614398160592593,1.0,1.0,1.0,0.0,0.0,1.0,"material,porosity,stiffness,thermal",,
irrelevant_hidden_control,spatula,universal_coarsening,"size,shape,mass,friction,fragility,liquid","mass,friction,fragility,liquid",,373248,373248,"size,shape","size,shape",16,16,0.8464,0.013888888888888888,0.013888888888888888,1.0,0.0,0.0,0.013888888888888888,,"mass,friction,fragility,liquid",
irrelevant_hidden_control,spatula,multimodal_fusion,"size,shape,mass,friction,fragility,liquid","mass,friction,fragility,liquid",,373248,373248,"size,shape,stiffness,porosity,friction,mass,fragility,thermal,texture,liquid,material","size,shape,stiffness,porosity,friction,mass,fragility,thermal,texture,liquid,material",373248,373248,0.3996373778857418,1.0,1.0,1.0,0.0,0.18,0.8200000000000001,,,
irrelevant_hidden_control,spatula,interface_router,"size,shape,mass,friction,fragility,liquid","mass,friction,fragility,liquid",,373248,373248,"mass,friction,fragility,liquid","mass,friction,fragility,liquid",72,72,0.7163929600000001,1.0,1.0,1.0,0.0,0.0,1.0,,,current interface covers task
irrelevant_hidden_control,spatula,active_icip,"size,shape,mass,friction,fragility,liquid","mass,friction,fragility,liquid",,373248,373248,"mass,friction,fragility,liquid","mass,friction,fragility,liquid",72,72,0.7163929600000001,1.0,1.0,1.0,0.0,0.0,1.0,,,probe not worth its cost or no hidden task gap
irrelevant_hidden_control,spatula,abstaining_icip,"size,shape,mass,friction,fragility,liquid","mass,friction,fragility,liquid",,373248,373248,"mass,friction,fragility,liquid","mass,friction,fragility,liquid",72,72,0.7163929600000001,1.0,1.0,1.0,0.0,0.0,1.0,,,
irrelevant_hidden_control,magnetic,global_id,"size,shape,mass,thermal,texture,material","mass,thermal,material",,373248,373248,"size,shape,stiffness,porosity,friction,mass,fragility,thermal,texture,liquid,material","size,shape,mass,thermal,texture,material",373248,2304,0.0037429321070617284,1.0,1.0,1.0,0.0,0.0,1.0,"stiffness,porosity,friction,fragility,liquid",,
irrelevant_hidden_control,magnetic,common_label,"size,shape,mass,thermal,texture,material","mass,thermal,material",,373248,373248,"size,shape","size,shape",16,16,0.8464,0.020833333333333332,0.020833333333333332,1.0,0.0,0.0,0.020833333333333332,,"mass,thermal,material",
irrelevant_hidden_control,magnetic,oracle_icip,"size,shape,mass,thermal,texture,material","mass,thermal,material",,373248,373248,"mass,thermal,material","mass,thermal,material",48,48,0.778688,1.0,1.0,1.0,0.0,0.0,1.0,,,
irrelevant_hidden_control,magnetic,learned_icip,"size,shape,mass,thermal,texture,material","mass,thermal,material",,373248,373248,"mass,thermal,material","mass,thermal,material",48,48,0.778688,1.0,1.0,1.0,0.0,0.0,1.0,,,
irrelevant_hidden_control,magnetic,universal_refinement,"size,shape,mass,thermal,texture,material","mass,thermal,material",,373248,373248,"fragility,friction,liquid,mass,material,porosity,shape,size,stiffness,thermal","mass,material,shape,size,thermal",124416,768,0.0040684044641975305,1.0,1.0,1.0,0.0,0.0,1.0,"fragility,friction,liquid,porosity,stiffness",,
irrelevant_hidden_control,magnetic,universal_coarsening,"size,shape,mass,thermal,texture,material","mass,thermal,material",,373248,373248,"size,shape","size,shape",16,16,0.8464,0.020833333333333332,0.020833333333333332,1.0,0.0,0.0,0.020833333333333332,,"mass,thermal,material",
irrelevant_hidden_control,magnetic,multimodal_fusion,"size,shape,mass,thermal,texture,material","mass,thermal,material",,373248,373248,"size,shape,stiffness,porosity,friction,mass,fragility,thermal,texture,liquid,material","size,shape,stiffness,porosity,friction,mass,fragility,thermal,texture,liquid,material",373248,373248,0.3996373778857418,1.0,1.0,1.0,0.0,0.18,0.8200000000000001,,,
irrelevant_hidden_control,magnetic,interface_router,"size,shape,mass,thermal,texture,material","mass,thermal,material",,373248,373248,"mass,thermal,material","mass,thermal,material",48,48,0.778688,1.0,1.0,1.0,0.0,0.0,1.0,,,current interface covers task
irrelevant_hidden_control,magnetic,active_icip,"size,shape,mass,thermal,texture,material","mass,thermal,material",,373248,373248,"mass,thermal,material","mass,thermal,material",48,48,0.778688,1.0,1.0,1.0,0.0,0.0,1.0,,,probe not worth its cost or no hidden task gap
irrelevant_hidden_control,magnetic,abstaining_icip,"size,shape,mass,thermal,texture,material","mass,thermal,material",,373248,373248,"mass,thermal,material","mass,thermal,material",48,48,0.778688,1.0,1.0,1.0,0.0,0.0,1.0,,,
irrelevant_hidden_control,needle,global_id,"size,shape,stiffness,porosity,fragility,liquid,texture","stiffness,porosity,fragility,liquid",,373248,373248,"size,shape,stiffness,porosity,friction,mass,fragility,thermal,texture,liquid,material","size,shape,stiffness,porosity,fragility,texture,liquid",373248,2592,0.0038739347308088894,1.0,1.0,1.0,0.0,0.0,1.0,"friction,mass,thermal,material",,
irrelevant_hidden_control,needle,common_label,"size,shape,stiffness,porosity,fragility,liquid,texture","stiffness,porosity,fragility,liquid",,373248,373248,"size,shape","size,shape",16,16,0.8464,0.018518518518518517,0.018518518518518517,1.0,0.0,0.0,0.018518518518518517,,"stiffness,porosity,fragility,liquid",
irrelevant_hidden_control,needle,oracle_icip,"size,shape,stiffness,porosity,fragility,liquid,texture","stiffness,porosity,fragility,liquid",,373248,373248,"stiffness,porosity,fragility,liquid","stiffness,porosity,fragility,liquid",54,54,0.7163929600000001,1.0,1.0,1.0,0.0,0.0,1.0,,,
irrelevant_hidden_control,needle,learned_icip,"size,shape,stiffness,porosity,fragility,liquid,texture","stiffness,porosity,fragility,liquid",,373248,373248,"stiffness,porosity,fragility,liquid","stiffness,porosity,fragility,liquid",54,54,0.7163929600000001,1.0,1.0,1.0,0.0,0.0,1.0,,,
irrelevant_hidden_control,needle,universal_refinement,"size,shape,stiffness,porosity,fragility,liquid,texture","stiffness,porosity,fragility,liquid",,373248,373248,"fragility,friction,liquid,mass,material,porosity,shape,size,stiffness,thermal","fragility,liquid,porosity,shape,size,stiffness",124416,864,0.004210798620444444,1.0,1.0,1.0,0.0,0.0,1.0,"friction,mass,material,thermal",,
irrelevant_hidden_control,needle,universal_coarsening,"size,shape,stiffness,porosity,fragility,liquid,texture","stiffness,porosity,fragility,liquid",,373248,373248,"size,shape","size,shape",16,16,0.8464,0.018518518518518517,0.018518518518518517,1.0,0.0,0.0,0.018518518518518517,,"stiffness,porosity,fragility,liquid",
irrelevant_hidden_control,needle,multimodal_fusion,"size,shape,stiffness,porosity,fragility,liquid,texture","stiffness,porosity,fragility,liquid",,373248,373248,"size,shape,stiffness,porosity,friction,mass,fragility,thermal,texture,liquid,material","size,shape,stiffness,porosity,friction,mass,fragility,thermal,texture,liquid,material",373248,373248,0.3996373778857418,1.0,1.0,1.0,0.0,0.18,0.8200000000000001,,,
irrelevant_hidden_control,needle,interface_router,"size,shape,stiffness,porosity,fragility,liquid,texture","stiffness,porosity,fragility,liquid",,373248,373248,"stiffness,porosity,fragility,liquid","stiffness,porosity,fragility,liquid",54,54,0.7163929600000001,1.0,1.0,1.0,0.0,0.0,1.0,,,current interface covers task
irrelevant_hidden_control,needle,active_icip,"size,shape,stiffness,porosity,fragility,liquid,texture","stiffness,porosity,fragility,liquid",,373248,373248,"stiffness,porosity,fragility,liquid","stiffness,porosity,fragility,liquid",54,54,0.7163929600000001,1.0,1.0,1.0,0.0,0.0,1.0,,,probe not worth its cost or no hidden task gap
irrelevant_hidden_control,needle,abstaining_icip,"size,shape,stiffness,porosity,fragility,liquid,texture","stiffness,porosity,fragility,liquid",,373248,373248,"stiffness,porosity,fragility,liquid","stiffness,porosity,fragility,liquid",54,54,0.7163929600000001,1.0,1.0,1.0,0.0,0.0,1.0,,,
irrelevant_hidden_control,clamp,global_id,"size,shape,stiffness,friction,mass,thermal,texture","size,stiffness,friction,mass,thermal",,373248,373248,"size,shape,stiffness,porosity,friction,mass,fragility,thermal,texture,liquid,material","size,shape,stiffness,friction,mass,thermal,texture",373248,5184,0.007747869461617777,1.0,1.0,1.0,0.0,0.0,1.0,"porosity,fragility,liquid,material",,
irrelevant_hidden_control,clamp,common_label,"size,shape,stiffness,friction,mass,thermal,texture","size,stiffness,friction,mass,thermal",,373248,373248,"size,shape","size,shape",16,16,0.8464,0.009259259259259259,0.009259259259259259,1.0,0.0,0.0,0.009259259259259259,,"stiffness,friction,mass,thermal",
irrelevant_hidden_control,clamp,oracle_icip,"size,shape,stiffness,friction,mass,thermal,texture","size,stiffness,friction,mass,thermal",,373248,373248,"size,stiffness,friction,mass,thermal","size,stiffness,friction,mass,thermal",432,432,0.6590815232000001,1.0,1.0,1.0,0.0,0.0,1.0,,,
irrelevant_hidden_control,clamp,learned_icip,"size,shape,stiffness,friction,mass,thermal,texture","size,stiffness,friction,mass,thermal",,373248,373248,"size,stiffness,friction,mass,thermal","size,stiffness,friction,mass,thermal",432,432,0.6590815232000001,1.0,1.0,1.0,0.0,0.0,1.0,,,
irrelevant_hidden_control,clamp,universal_refinement,"size,shape,stiffness,friction,mass,thermal,texture","size,stiffness,friction,mass,thermal",,373248,373248,"fragility,friction,liquid,mass,material,porosity,shape,size,stiffness,thermal","friction,mass,shape,size,stiffness,thermal",124416,1728,0.00842159724088889,1.0,1.0,1.0,0.0,0.0,1.0,"fragility,liquid,material,porosity",,
irrelevant_hidden_control,clamp,universal_coarsening,"size,shape,stiffness,friction,mass,thermal,texture","size,stiffness,friction,mass,thermal",,373248,373248,"size,shape","size,shape",16,16,0.8464,0.009259259259259259,0.009259259259259259,1.0,0.0,0.0,0.009259259259259259,,"stiffness,friction,mass,thermal",
irrelevant_hidden_control,clamp,multimodal_fusion,"size,shape,stiffness,friction,mass,thermal,texture","size,stiffness,friction,mass,thermal",,373248,373248,"size,shape,stiffness,porosity,friction,mass,fragility,thermal,texture,liquid,material","size,shape,stiffness,porosity,friction,mass,fragility,thermal,texture,liquid,material",373248,373248,0.3996373778857418,1.0,1.0,1.0,0.0,0.18,0.8200000000000001,,,
irrelevant_hidden_control,clamp,interface_router,"size,shape,stiffness,friction,mass,thermal,texture","size,stiffness,friction,mass,thermal",,373248,373248,"size,stiffness,friction,mass,thermal","size,stiffness,friction,mass,thermal",432,432,0.6590815232000001,1.0,1.0,1.0,0.0,0.0,1.0,,,current interface covers task
irrelevant_hidden_control,clamp,active_icip,"size,shape,stiffness,friction,mass,thermal,texture","size,stiffness,friction,mass,thermal",,373248,373248,"size,stiffness,friction,mass,thermal","size,stiffness,friction,mass,thermal",432,432,0.6590815232000001,1.0,1.0,1.0,0.0,0.0,1.0,,,probe not worth its cost or no hidden task gap
irrelevant_hidden_control,clamp,abstaining_icip,"size,shape,stiffness,friction,mass,thermal,texture","size,stiffness,friction,mass,thermal",,373248,373248,"size,stiffness,friction,mass,thermal","size,stiffness,friction,mass,thermal",432,432,0.6590815232000001,1.0,1.0,1.0,0.0,0.0,1.0,,,
global_observable_control,pinch,global_id,"size,shape,stiffness,porosity,friction,mass,fragility,thermal,texture,liquid,material","stiffness,friction,mass,fragility",,373248,373248,"size,shape,stiffness,porosity,friction,mass,fragility,thermal,texture,liquid,material","size,shape,stiffness,porosity,friction,mass,fragility,thermal,texture,liquid,material",373248,373248,0.3996373778857418,1.0,1.0,1.0,0.0,0.0,1.0,,,
global_observable_control,pinch,common_label,"size,shape,stiffness,porosity,friction,mass,fragility,thermal,texture,liquid,material","stiffness,friction,mass,fragility",,373248,373248,"size,shape","size,shape",16,16,0.8464,0.009259259259259259,0.009259259259259259,1.0,0.0,0.0,0.009259259259259259,,"stiffness,friction,mass,fragility",
global_observable_control,pinch,oracle_icip,"size,shape,stiffness,porosity,friction,mass,fragility,thermal,texture,liquid,material","stiffness,friction,mass,fragility",,373248,373248,"stiffness,friction,mass,fragility","stiffness,friction,mass,fragility",108,108,0.7163929600000001,1.0,1.0,1.0,0.0,0.0,1.0,,,
global_observable_control,pinch,learned_icip,"size,shape,stiffness,porosity,friction,mass,fragility,thermal,texture,liquid,material","stiffness,friction,mass,fragility",,373248,373248,"stiffness,friction,mass,fragility","stiffness,friction,mass,fragility",108,108,0.7163929600000001,1.0,1.0,1.0,0.0,0.0,1.0,,,
global_observable_control,pinch,universal_refinement,"size,shape,stiffness,porosity,friction,mass,fragility,thermal,texture,liquid,material","stiffness,friction,mass,fragility",,373248,373248,"fragility,friction,liquid,mass,material,porosity,shape,size,stiffness,thermal","fragility,friction,liquid,mass,material,porosity,shape,size,stiffness,thermal",124416,124416,0.4343884542236323,1.0,1.0,1.0,0.0,0.0,1.0,,,
global_observable_control,pinch,universal_coarsening,"size,shape,stiffness,porosity,friction,mass,fragility,thermal,texture,liquid,material","stiffness,friction,mass,fragility",,373248,373248,"size,shape","size,shape",16,16,0.8464,0.009259259259259259,0.009259259259259259,1.0,0.0,0.0,0.009259259259259259,,"stiffness,friction,mass,fragility",
global_observable_control,pinch,multimodal_fusion,"size,shape,stiffness,porosity,friction,mass,fragility,thermal,texture,liquid,material","stiffness,friction,mass,fragility",,373248,373248,"size,shape,stiffness,porosity,friction,mass,fragility,thermal,texture,liquid,material","size,shape,stiffness,porosity,friction,mass,fragility,thermal,texture,liquid,material",373248,373248,0.3996373778857418,1.0,1.0,1.0,0.0,0.18,0.8200000000000001,,,
global_observable_control,pinch,interface_router,"size,shape,stiffness,porosity,friction,mass,fragility,thermal,texture,liquid,material","stiffness,friction,mass,fragility",,373248,373248,"stiffness,friction,mass,fragility","stiffness,friction,mass,fragility",108,108,0.7163929600000001,1.0,1.0,1.0,0.0,0.0,1.0,,,current interface covers task
global_observable_control,pinch,active_icip,"size,shape,stiffness,porosity,friction,mass,fragility,thermal,texture,liquid,material","stiffness,friction,mass,fragility",,373248,373248,"stiffness,friction,mass,fragility","stiffness,friction,mass,fragility",108,108,0.7163929600000001,1.0,1.0,1.0,0.0,0.0,1.0,,,probe not worth its cost or no hidden task gap
global_observable_control,pinch,abstaining_icip,"size,shape,stiffness,porosity,friction,mass,fragility,thermal,texture,liquid,material","stiffness,friction,mass,fragility",,373248,373248,"stiffness,friction,mass,fragility","stiffness,friction,mass,fragility",108,108,0.7163929600000001,1.0,1.0,1.0,0.0,0.0,1.0,,,
global_observable_control,suction,global_id,"size,shape,stiffness,porosity,friction,mass,fragility,thermal,texture,liquid,material","shape,porosity,mass,liquid",,373248,373248,"size,shape,stiffness,porosity,friction,mass,fragility,thermal,texture,liquid,material","size,shape,stiffness,porosity,friction,mass,fragility,thermal,texture,liquid,material",373248,373248,0.3996373778857418,1.0,1.0,1.0,0.0,0.0,1.0,,,
global_observable_control,suction,common_label,"size,shape,stiffness,porosity,friction,mass,fragility,thermal,texture,liquid,material","shape,porosity,mass,liquid",,373248,373248,"size,shape","size,shape",16,16,0.8464,0.041666666666666664,0.041666666666666664,1.0,0.0,0.0,0.041666666666666664,,"porosity,mass,liquid",
global_observable_control,suction,oracle_icip,"size,shape,stiffness,porosity,friction,mass,fragility,thermal,texture,liquid,material","shape,porosity,mass,liquid",,373248,373248,"shape,porosity,mass,liquid","shape,porosity,mass,liquid",96,96,0.7163929600000001,1.0,1.0,1.0,0.0,0.0,1.0,,,
global_observable_control,suction,learned_icip,"size,shape,stiffness,porosity,friction,mass,fragility,thermal,texture,liquid,material","shape,porosity,mass,liquid",,373248,373248,"shape,porosity,mass,liquid","shape,porosity,mass,liquid",96,96,0.7163929600000001,1.0,1.0,1.0,0.0,0.0,1.0,,,
global_observable_control,suction,universal_refinement,"size,shape,stiffness,porosity,friction,mass,fragility,thermal,texture,liquid,material","shape,porosity,mass,liquid",,373248,373248,"fragility,friction,liquid,mass,material,porosity,shape,size,stiffness,thermal","fragility,friction,liquid,mass,material,porosity,shape,size,stiffness,thermal",124416,124416,0.4343884542236323,1.0,1.0,1.0,0.0,0.0,1.0,,,
global_observable_control,suction,universal_coarsening,"size,shape,stiffness,porosity,friction,mass,fragility,thermal,texture,liquid,material","shape,porosity,mass,liquid",,373248,373248,"size,shape","size,shape",16,16,0.8464,0.041666666666666664,0.041666666666666664,1.0,0.0,0.0,0.041666666666666664,,"porosity,mass,liquid",
global_observable_control,suction,multimodal_fusion,"size,shape,stiffness,porosity,friction,mass,fragility,thermal,texture,liquid,material","shape,porosity,mass,liquid",,373248,373248,"size,shape,stiffness,porosity,friction,mass,fragility,thermal,texture,liquid,material","size,shape,stiffness,porosity,friction,mass,fragility,thermal,texture,liquid,material",373248,373248,0.3996373778857418,1.0,1.0,1.0,0.0,0.18,0.8200000000000001,,,
global_observable_control,suction,interface_router,"size,shape,stiffness,porosity,friction,mass,fragility,thermal,texture,liquid,material","shape,porosity,mass,liquid",,373248,373248,"shape,porosity,mass,liquid","shape,porosity,mass,liquid",96,96,0.7163929600000001,1.0,1.0,1.0,0.0,0.0,1.0,,,current interface covers task
global_observable_control,suction,active_icip,"size,shape,stiffness,porosity,friction,mass,fragility,thermal,texture,liquid,material","shape,porosity,mass,liquid",,373248,373248,"shape,porosity,mass,liquid","shape,porosity,mass,liquid",96,96,0.7163929600000001,1.0,1.0,1.0,0.0,0.0,1.0,,,probe not worth its cost or no hidden task gap
global_observable_control,suction,abstaining_icip,"size,shape,stiffness,porosity,friction,mass,fragility,thermal,texture,liquid,material","shape,porosity,mass,liquid",,373248,373248,"shape,porosity,mass,liquid","shape,porosity,mass,liquid",96,96,0.7163929600000001,1.0,1.0,1.0,0.0,0.0,1.0,,,
global_observable_control,enveloping,global_id,"size,shape,stiffness,porosity,friction,mass,fragility,thermal,texture,liquid,material","size,stiffness,fragility",,373248,373248,"size,shape,stiffness,porosity,friction,mass,fragility,thermal,texture,liquid,material","size,shape,stiffness,porosity,friction,mass,fragility,thermal,texture,liquid,material",373248,373248,0.3996373778857418,1.0,1.0,1.0,0.0,0.0,1.0,,,
global_observable_control,enveloping,common_label,"size,shape,stiffness,porosity,friction,mass,fragility,thermal,texture,liquid,material","size,stiffness,fragility",,373248,373248,"size,shape","size,shape",16,16,0.8464,0.1111111111111111,0.1111111111111111,1.0,0.0,0.0,0.1111111111111111,,"stiffness,fragility",
global_observable_control,enveloping,oracle_icip,"size,shape,stiffness,porosity,friction,mass,fragility,thermal,texture,liquid,material","size,stiffness,fragility",,373248,373248,"size,stiffness,fragility","size,stiffness,fragility",36,36,0.778688,1.0,1.0,1.0,0.0,0.0,1.0,,,
global_observable_control,enveloping,learned_icip,"size,shape,stiffness,porosity,friction,mass,fragility,thermal,texture,liquid,material","size,stiffness,fragility",,373248,373248,"size,stiffness,fragility","size,stiffness,fragility",36,36,0.778688,1.0,1.0,1.0,0.0,0.0,1.0,,,
global_observable_control,enveloping,universal_refinement,"size,shape,stiffness,porosity,friction,mass,fragility,thermal,texture,liquid,material","size,stiffness,fragility",,373248,373248,"fragility,friction,liquid,mass,material,porosity,shape,size,stiffness,thermal","fragility,friction,liquid,mass,material,porosity,shape,size,stiffness,thermal",124416,124416,0.4343884542236323,1.0,1.0,1.0,0.0,0.0,1.0,,,
global_observable_control,enveloping,universal_coarsening,"size,shape,stiffness,porosity,friction,mass,fragility,thermal,texture,liquid,material","size,stiffness,fragility",,373248,373248,"size,shape","size,shape",16,16,0.8464,0.1111111111111111,0.1111111111111111,1.0,0.0,0.0,0.1111111111111111,,"stiffness,fragility",
global_observable_control,enveloping,multimodal_fusion,"size,shape,stiffness,porosity,friction,mass,fragility,thermal,texture,liquid,material","size,stiffness,fragility",,373248,373248,"size,shape,stiffness,porosity,friction,mass,fragility,thermal,texture,liquid,material","size,shape,stiffness,porosity,friction,mass,fragility,thermal,texture,liquid,material",373248,373248,0.3996373778857418,1.0,1.0,1.0,0.0,0.18,0.8200000000000001,,,
global_observable_control,enveloping,interface_router,"size,shape,stiffness,porosity,friction,mass,fragility,thermal,texture,liquid,material","size,stiffness,fragility",,373248,373248,"size,stiffness,fragility","size,stiffness,fragility",36,36,0.778688,1.0,1.0,1.0,0.0,0.0,1.0,,,current interface covers task
global_observable_control,enveloping,active_icip,"size,shape,stiffness,porosity,friction,mass,fragility,thermal,texture,liquid,material","size,stiffness,fragility",,373248,373248,"size,stiffness,fragility","size,stiffness,fragility",36,36,0.778688,1.0,1.0,1.0,0.0,0.0,1.0,,,probe not worth its cost or no hidden task gap
global_observable_control,enveloping,abstaining_icip,"size,shape,stiffness,porosity,friction,mass,fragility,thermal,texture,liquid,material","size,stiffness,fragility",,373248,373248,"size,stiffness,fragility","size,stiffness,fragility",36,36,0.778688,1.0,1.0,1.0,0.0,0.0,1.0,,,
global_observable_control,spatula,global_id,"size,shape,stiffness,porosity,friction,mass,fragility,thermal,texture,liquid,material","mass,friction,fragility,liquid",,373248,373248,"size,shape,stiffness,porosity,friction,mass,fragility,thermal,texture,liquid,material","size,shape,stiffness,porosity,friction,mass,fragility,thermal,texture,liquid,material",373248,373248,0.3996373778857418,1.0,1.0,1.0,0.0,0.0,1.0,,,
global_observable_control,spatula,common_label,"size,shape,stiffness,porosity,friction,mass,fragility,thermal,texture,liquid,material","mass,friction,fragility,liquid",,373248,373248,"size,shape","size,shape",16,16,0.8464,0.013888888888888888,0.013888888888888888,1.0,0.0,0.0,0.013888888888888888,,"mass,friction,fragility,liquid",
global_observable_control,spatula,oracle_icip,"size,shape,stiffness,porosity,friction,mass,fragility,thermal,texture,liquid,material","mass,friction,fragility,liquid",,373248,373248,"mass,friction,fragility,liquid","mass,friction,fragility,liquid",72,72,0.7163929600000001,1.0,1.0,1.0,0.0,0.0,1.0,,,
global_observable_control,spatula,learned_icip,"size,shape,stiffness,porosity,friction,mass,fragility,thermal,texture,liquid,material","mass,friction,fragility,liquid",,373248,373248,"mass,friction,fragility,liquid","mass,friction,fragility,liquid",72,72,0.7163929600000001,1.0,1.0,1.0,0.0,0.0,1.0,,,
global_observable_control,spatula,universal_refinement,"size,shape,stiffness,porosity,friction,mass,fragility,thermal,texture,liquid,material","mass,friction,fragility,liquid",,373248,373248,"fragility,friction,liquid,mass,material,porosity,shape,size,stiffness,thermal","fragility,friction,liquid,mass,material,porosity,shape,size,stiffness,thermal",124416,124416,0.4343884542236323,1.0,1.0,1.0,0.0,0.0,1.0,,,
global_observable_control,spatula,universal_coarsening,"size,shape,stiffness,porosity,friction,mass,fragility,thermal,texture,liquid,material","mass,friction,fragility,liquid",,373248,373248,"size,shape","size,shape",16,16,0.8464,0.013888888888888888,0.013888888888888888,1.0,0.0,0.0,0.013888888888888888,,"mass,friction,fragility,liquid",
global_observable_control,spatula,multimodal_fusion,"size,shape,stiffness,porosity,friction,mass,fragility,thermal,texture,liquid,material","mass,friction,fragility,liquid",,373248,373248,"size,shape,stiffness,porosity,friction,mass,fragility,thermal,texture,liquid,material","size,shape,stiffness,porosity,friction,mass,fragility,thermal,texture,liquid,material",373248,373248,0.3996373778857418,1.0,1.0,1.0,0.0,0.18,0.8200000000000001,,,
global_observable_control,spatula,interface_router,"size,shape,stiffness,porosity,friction,mass,fragility,thermal,texture,liquid,material","mass,friction,fragility,liquid",,373248,373248,"mass,friction,fragility,liquid","mass,friction,fragility,liquid",72,72,0.7163929600000001,1.0,1.0,1.0,0.0,0.0,1.0,,,current interface covers task
global_observable_control,spatula,active_icip,"size,shape,stiffness,porosity,friction,mass,fragility,thermal,texture,liquid,material","mass,friction,fragility,liquid",,373248,373248,"mass,friction,fragility,liquid","mass,friction,fragility,liquid",72,72,0.7163929600000001,1.0,1.0,1.0,0.0,0.0,1.0,,,probe not worth its cost or no hidden task gap
global_observable_control,spatula,abstaining_icip,"size,shape,stiffness,porosity,friction,mass,fragility,thermal,texture,liquid,material","mass,friction,fragility,liquid",,373248,373248,"mass,friction,fragility,liquid","mass,friction,fragility,liquid",72,72,0.7163929600000001,1.0,1.0,1.0,0.0,0.0,1.0,,,
global_observable_control,magnetic,global_id,"size,shape,stiffness,porosity,friction,mass,fragility,thermal,texture,liquid,material","mass,thermal,material",,373248,373248,"size,shape,stiffness,porosity,friction,mass,fragility,thermal,texture,liquid,material","size,shape,stiffness,porosity,friction,mass,fragility,thermal,texture,liquid,material",373248,373248,0.3996373778857418,1.0,1.0,1.0,0.0,0.0,1.0,,,
global_observable_control,magnetic,common_label,"size,shape,stiffness,porosity,friction,mass,fragility,thermal,texture,liquid,material","mass,thermal,material",,373248,373248,"size,shape","size,shape",16,16,0.8464,0.020833333333333332,0.020833333333333332,1.0,0.0,0.0,0.020833333333333332,,"mass,thermal,material",
global_observable_control,magnetic,oracle_icip,"size,shape,stiffness,porosity,friction,mass,fragility,thermal,texture,liquid,material","mass,thermal,material",,373248,373248,"mass,thermal,material","mass,thermal,material",48,48,0.778688,1.0,1.0,1.0,0.0,0.0,1.0,,,
global_observable_control,magnetic,learned_icip,"size,shape,stiffness,porosity,friction,mass,fragility,thermal,texture,liquid,material","mass,thermal,material",,373248,373248,"mass,thermal,material","mass,thermal,material",48,48,0.778688,1.0,1.0,1.0,0.0,0.0,1.0,,,
global_observable_control,magnetic,universal_refinement,"size,shape,stiffness,porosity,friction,mass,fragility,thermal,texture,liquid,material","mass,thermal,material",,373248,373248,"fragility,friction,liquid,mass,material,porosity,shape,size,stiffness,thermal","fragility,friction,liquid,mass,material,porosity,shape,size,stiffness,thermal",124416,124416,0.4343884542236323,1.0,1.0,1.0,0.0,0.0,1.0,,,
global_observable_control,magnetic,universal_coarsening,"size,shape,stiffness,porosity,friction,mass,fragility,thermal,texture,liquid,material","mass,thermal,material",,373248,373248,"size,shape","size,shape",16,16,0.8464,0.020833333333333332,0.020833333333333332,1.0,0.0,0.0,0.020833333333333332,,"mass,thermal,material",
global_observable_control,magnetic,multimodal_fusion,"size,shape,stiffness,porosity,friction,mass,fragility,thermal,texture,liquid,material","mass,thermal,material",,373248,373248,"size,shape,stiffness,porosity,friction,mass,fragility,thermal,texture,liquid,material","size,shape,stiffness,porosity,friction,mass,fragility,thermal,texture,liquid,material",373248,373248,0.3996373778857418,1.0,1.0,1.0,0.0,0.18,0.8200000000000001,,,
global_observable_control,magnetic,interface_router,"size,shape,stiffness,porosity,friction,mass,fragility,thermal,texture,liquid,material","mass,thermal,material",,373248,373248,"mass,thermal,material","mass,thermal,material",48,48,0.778688,1.0,1.0,1.0,0.0,0.0,1.0,,,current interface covers task
global_observable_control,magnetic,active_icip,"size,shape,stiffness,porosity,friction,mass,fragility,thermal,texture,liquid,material","mass,thermal,material",,373248,373248,"mass,thermal,material","mass,thermal,material",48,48,0.778688,1.0,1.0,1.0,0.0,0.0,1.0,,,probe not worth its cost or no hidden task gap
global_observable_control,magnetic,abstaining_icip,"size,shape,stiffness,porosity,friction,mass,fragility,thermal,texture,liquid,material","mass,thermal,material",,373248,373248,"mass,thermal,material","mass,thermal,material",48,48,0.778688,1.0,1.0,1.0,0.0,0.0,1.0,,,
global_observable_control,needle,global_id,"size,shape,stiffness,porosity,friction,mass,fragility,thermal,texture,liquid,material","stiffness,porosity,fragility,liquid",,373248,373248,"size,shape,stiffness,porosity,friction,mass,fragility,thermal,texture,liquid,material","size,shape,stiffness,porosity,friction,mass,fragility,thermal,texture,liquid,material",373248,373248,0.3996373778857418,1.0,1.0,1.0,0.0,0.0,1.0,,,
global_observable_control,needle,common_label,"size,shape,stiffness,porosity,friction,mass,fragility,thermal,texture,liquid,material","stiffness,porosity,fragility,liquid",,373248,373248,"size,shape","size,shape",16,16,0.8464,0.018518518518518517,0.018518518518518517,1.0,0.0,0.0,0.018518518518518517,,"stiffness,porosity,fragility,liquid",
global_observable_control,needle,oracle_icip,"size,shape,stiffness,porosity,friction,mass,fragility,thermal,texture,liquid,material","stiffness,porosity,fragility,liquid",,373248,373248,"stiffness,porosity,fragility,liquid","stiffness,porosity,fragility,liquid",54,54,0.7163929600000001,1.0,1.0,1.0,0.0,0.0,1.0,,,
global_observable_control,needle,learned_icip,"size,shape,stiffness,porosity,friction,mass,fragility,thermal,texture,liquid,material","stiffness,porosity,fragility,liquid",,373248,373248,"stiffness,porosity,fragility,liquid","stiffness,porosity,fragility,liquid",54,54,0.7163929600000001,1.0,1.0,1.0,0.0,0.0,1.0,,,
global_observable_control,needle,universal_refinement,"size,shape,stiffness,porosity,friction,mass,fragility,thermal,texture,liquid,material","stiffness,porosity,fragility,liquid",,373248,373248,"fragility,friction,liquid,mass,material,porosity,shape,size,stiffness,thermal","fragility,friction,liquid,mass,material,porosity,shape,size,stiffness,thermal",124416,124416,0.4343884542236323,1.0,1.0,1.0,0.0,0.0,1.0,,,
global_observable_control,needle,universal_coarsening,"size,shape,stiffness,porosity,friction,mass,fragility,thermal,texture,liquid,material","stiffness,porosity,fragility,liquid",,373248,373248,"size,shape","size,shape",16,16,0.8464,0.018518518518518517,0.018518518518518517,1.0,0.0,0.0,0.018518518518518517,,"stiffness,porosity,fragility,liquid",
global_observable_control,needle,multimodal_fusion,"size,shape,stiffness,porosity,friction,mass,fragility,thermal,texture,liquid,material","stiffness,porosity,fragility,liquid",,373248,373248,"size,shape,stiffness,porosity,friction,mass,fragility,thermal,texture,liquid,material","size,shape,stiffness,porosity,friction,mass,fragility,thermal,texture,liquid,material",373248,373248,0.3996373778857418,1.0,1.0,1.0,0.0,0.18,0.8200000000000001,,,
global_observable_control,needle,interface_router,"size,shape,stiffness,porosity,friction,mass,fragility,thermal,texture,liquid,material","stiffness,porosity,fragility,liquid",,373248,373248,"stiffness,porosity,fragility,liquid","stiffness,porosity,fragility,liquid",54,54,0.7163929600000001,1.0,1.0,1.0,0.0,0.0,1.0,,,current interface covers task
global_observable_control,needle,active_icip,"size,shape,stiffness,porosity,friction,mass,fragility,thermal,texture,liquid,material","stiffness,porosity,fragility,liquid",,373248,373248,"stiffness,porosity,fragility,liquid","stiffness,porosity,fragility,liquid",54,54,0.7163929600000001,1.0,1.0,1.0,0.0,0.0,1.0,,,probe not worth its cost or no hidden task gap
global_observable_control,needle,abstaining_icip,"size,shape,stiffness,porosity,friction,mass,fragility,thermal,texture,liquid,material","stiffness,porosity,fragility,liquid",,373248,373248,"stiffness,porosity,fragility,liquid","stiffness,porosity,fragility,liquid",54,54,0.7163929600000001,1.0,1.0,1.0,0.0,0.0,1.0,,,
global_observable_control,clamp,global_id,"size,shape,stiffness,porosity,friction,mass,fragility,thermal,texture,liquid,material","size,stiffness,friction,mass,thermal",,373248,373248,"size,shape,stiffness,porosity,friction,mass,fragility,thermal,texture,liquid,material","size,shape,stiffness,porosity,friction,mass,fragility,thermal,texture,liquid,material",373248,373248,0.3996373778857418,1.0,1.0,1.0,0.0,0.0,1.0,,,
global_observable_control,clamp,common_label,"size,shape,stiffness,porosity,friction,mass,fragility,thermal,texture,liquid,material","size,stiffness,friction,mass,thermal",,373248,373248,"size,shape","size,shape",16,16,0.8464,0.009259259259259259,0.009259259259259259,1.0,0.0,0.0,0.009259259259259259,,"stiffness,friction,mass,thermal",
global_observable_control,clamp,oracle_icip,"size,shape,stiffness,porosity,friction,mass,fragility,thermal,texture,liquid,material","size,stiffness,friction,mass,thermal",,373248,373248,"size,stiffness,friction,mass,thermal","size,stiffness,friction,mass,thermal",432,432,0.6590815232000001,1.0,1.0,1.0,0.0,0.0,1.0,,,
global_observable_control,clamp,learned_icip,"size,shape,stiffness,porosity,friction,mass,fragility,thermal,texture,liquid,material","size,stiffness,friction,mass,thermal",,373248,373248,"size,stiffness,friction,mass,thermal","size,stiffness,friction,mass,thermal",432,432,0.6590815232000001,1.0,1.0,1.0,0.0,0.0,1.0,,,
global_observable_control,clamp,universal_refinement,"size,shape,stiffness,porosity,friction,mass,fragility,thermal,texture,liquid,material","size,stiffness,friction,mass,thermal",,373248,373248,"fragility,friction,liquid,mass,material,porosity,shape,size,stiffness,thermal","fragility,friction,liquid,mass,material,porosity,shape,size,stiffness,thermal",124416,124416,0.4343884542236323,1.0,1.0,1.0,0.0,0.0,1.0,,,
global_observable_control,clamp,universal_coarsening,"size,shape,stiffness,porosity,friction,mass,fragility,thermal,texture,liquid,material","size,stiffness,friction,mass,thermal",,373248,373248,"size,shape","size,shape",16,16,0.8464,0.009259259259259259,0.009259259259259259,1.0,0.0,0.0,0.009259259259259259,,"stiffness,friction,mass,thermal",
global_observable_control,clamp,multimodal_fusion,"size,shape,stiffness,porosity,friction,mass,fragility,thermal,texture,liquid,material","size,stiffness,friction,mass,thermal",,373248,373248,"size,shape,stiffness,porosity,friction,mass,fragility,thermal,texture,liquid,material","size,shape,stiffness,porosity,friction,mass,fragility,thermal,texture,liquid,material",373248,373248,0.3996373778857418,1.0,1.0,1.0,0.0,0.18,0.8200000000000001,,,
global_observable_control,clamp,interface_router,"size,shape,stiffness,porosity,friction,mass,fragility,thermal,texture,liquid,material","size,stiffness,friction,mass,thermal",,373248,373248,"size,stiffness,friction,mass,thermal","size,stiffness,friction,mass,thermal",432,432,0.6590815232000001,1.0,1.0,1.0,0.0,0.0,1.0,,,current interface covers task
global_observable_control,clamp,active_icip,"size,shape,stiffness,porosity,friction,mass,fragility,thermal,texture,liquid,material","size,stiffness,friction,mass,thermal",,373248,373248,"size,stiffness,friction,mass,thermal","size,stiffness,friction,mass,thermal",432,432,0.6590815232000001,1.0,1.0,1.0,0.0,0.0,1.0,,,probe not worth its cost or no hidden task gap
global_observable_control,clamp,abstaining_icip,"size,shape,stiffness,porosity,friction,mass,fragility,thermal,texture,liquid,material","size,stiffness,friction,mass,thermal",,373248,373248,"size,stiffness,friction,mass,thermal","size,stiffness,friction,mass,thermal",432,432,0.6590815232000001,1.0,1.0,1.0,0.0,0.0,1.0,,,
