rank,title,year,venue,relevance_score,problem,mechanism,assumptions,leaves_open
1,"Perception, control, and hardware for in-hand slip-aware object manipulation with parallel grippers",2025,The International Journal of Robotics Research,94.0,Choose robot interactions that reveal object state or category under partial observability.,active perception policy; deformable/contact dynamics model; robot learning control policy,"Object identity is independent of the robot hand or end-effector. | The gripper can be treated as an interchangeable actuator, not part of perception. | The same failure mode has the same semantic meaning for suction, pinch, and enveloping hands. | Tactile readings are sensor features rather than gripper-object relational events. | Object mass, friction, compliance, and geometry are separable from the grasp family.",formal equivalence classes induced by gripper-action observation channels; morphology-indexed object identity rather than embodiment-invariant labels
2,Systematic object-invariant in-hand manipulation via reconfigurable underactuation: Introducing the RUTH gripper,2021,The International Journal of Robotics Research,93.483,Choose robot interactions that reveal object state or category under partial observability.,active perception policy; grasp synthesis or grasp quality model; pose/category-level perception,"Object identity is independent of the robot hand or end-effector. | The gripper can be treated as an interchangeable actuator, not part of perception. | The same failure mode has the same semantic meaning for suction, pinch, and enveloping hands. | The sensor stream is a sufficient statistic for object identity regardless of action. | Active perception chooses actions but assumes the object identity target is fixed.",formal equivalence classes induced by gripper-action observation channels; morphology-indexed object identity rather than embodiment-invariant labels
3,Bioinspired Swallowing Soft Gripper with Toroidal Optical Waveguides for Multimodal Interactive Perception,2026,Soft Robotics,93.0,Choose robot interactions that reveal object state or category under partial observability.,active perception policy; grasp synthesis or grasp quality model; soft/suction gripper mechanism,"Object identity is independent of the robot hand or end-effector. | The gripper can be treated as an interchangeable actuator, not part of perception. | The same failure mode has the same semantic meaning for suction, pinch, and enveloping hands. | Tactile readings are sensor features rather than gripper-object relational events. | Object mass, friction, compliance, and geometry are separable from the grasp family.",formal equivalence classes induced by gripper-action observation channels; morphology-indexed object identity rather than embodiment-invariant labels
4,Enhancing user perception through haptic feedback during aerial manipulation,2026,Industrial Robot: the international journal of robotics research and application,90.0,Choose robot interactions that reveal object state or category under partial observability.,active perception policy; tactile/visuotactile representation; grasp synthesis or grasp quality model,"Object identity is independent of the robot hand or end-effector. | The gripper can be treated as an interchangeable actuator, not part of perception. | The same failure mode has the same semantic meaning for suction, pinch, and enveloping hands. | Tactile readings are sensor features rather than gripper-object relational events. | Object mass, friction, compliance, and geometry are separable from the grasp family.",formal equivalence classes induced by gripper-action observation channels; morphology-indexed object identity rather than embodiment-invariant labels; when tactile signatures are gripper-specific rather than object-intrinsic
5,Teaching and Reproduction for In-Hand Object Manipulation,2025,Journal of Robotics and Mechatronics,88.0,Choose robot interactions that reveal object state or category under partial observability.,active perception policy; pose/category-level perception; robot learning control policy,"Object identity is independent of the robot hand or end-effector. | The gripper can be treated as an interchangeable actuator, not part of perception. | The same failure mode has the same semantic meaning for suction, pinch, and enveloping hands. | Tactile readings are sensor features rather than gripper-object relational events. | Object mass, friction, compliance, and geometry are separable from the grasp family.",formal equivalence classes induced by gripper-action observation channels; morphology-indexed object identity rather than embodiment-invariant labels
6,Evaluation of different robotic grippers for simultaneous multi-object grasping,2024,Frontiers in Robotics and AI,82.806,Predict or execute stable grasps and manipulation actions from object observations.,grasp synthesis or grasp quality model; soft/suction gripper mechanism,"Object identity is independent of the robot hand or end-effector. | The gripper can be treated as an interchangeable actuator, not part of perception. | The same failure mode has the same semantic meaning for suction, pinch, and enveloping hands. | Tactile readings are sensor features rather than gripper-object relational events. | Object mass, friction, compliance, and geometry are separable from the grasp family.",formal equivalence classes induced by gripper-action observation channels; morphology-indexed object identity rather than embodiment-invariant labels; mechanistic demonstration beyond benchmark score changes
7,Contact Location Display for Haptic Perception of Curvature and Object Motion,2005,The International Journal of Robotics Research,81.455,Choose robot interactions that reveal object state or category under partial observability.,active perception policy; tactile/visuotactile representation; grasp synthesis or grasp quality model,"Object identity is independent of the robot hand or end-effector. | The gripper can be treated as an interchangeable actuator, not part of perception. | The same failure mode has the same semantic meaning for suction, pinch, and enveloping hands. | Tactile readings are sensor features rather than gripper-object relational events. | Object mass, friction, compliance, and geometry are separable from the grasp family.",formal equivalence classes induced by gripper-action observation channels; morphology-indexed object identity rather than embodiment-invariant labels; when tactile signatures are gripper-specific rather than object-intrinsic
8,Hand-object configuration estimation using particle filters for dexterous in-hand manipulation,2020,The International Journal of Robotics Research,81.296,Choose robot interactions that reveal object state or category under partial observability.,active perception policy; tactile/visuotactile representation; grasp synthesis or grasp quality model,"Object identity is independent of the robot hand or end-effector. | The gripper can be treated as an interchangeable actuator, not part of perception. | The same failure mode has the same semantic meaning for suction, pinch, and enveloping hands. | Tactile readings are sensor features rather than gripper-object relational events. | Object mass, friction, compliance, and geometry are separable from the grasp family.",formal equivalence classes induced by gripper-action observation channels; morphology-indexed object identity rather than embodiment-invariant labels; when tactile signatures are gripper-specific rather than object-intrinsic
9,"Towards automating construction tasks: Largescale object mapping, segmentation, and manipulation",2021,Journal of Field Robotics,79.483,Choose robot interactions that reveal object state or category under partial observability.,active perception policy; grasp synthesis or grasp quality model; pose/category-level perception,"Object identity is independent of the robot hand or end-effector. | The gripper can be treated as an interchangeable actuator, not part of perception. | The same failure mode has the same semantic meaning for suction, pinch, and enveloping hands. | The sensor stream is a sufficient statistic for object identity regardless of action. | Active perception chooses actions but assumes the object identity target is fixed.",formal equivalence classes induced by gripper-action observation channels; morphology-indexed object identity rather than embodiment-invariant labels
10,Proprioceptive Object Shape and Size Extraction via In-Hand-Manipulation with a Variable Friction Robot Gripper,2025,2025 IEEE International Conference on Robotics and Automation (ICRA),78.5,Choose robot interactions that reveal object state or category under partial observability.,active perception policy,"Object identity is independent of the robot hand or end-effector. | The gripper can be treated as an interchangeable actuator, not part of perception. | The same failure mode has the same semantic meaning for suction, pinch, and enveloping hands. | The sensor stream is a sufficient statistic for object identity regardless of action. | Active perception chooses actions but assumes the object identity target is fixed.",formal equivalence classes induced by gripper-action observation channels; morphology-indexed object identity rather than embodiment-invariant labels
11,Shared visuo-tactile interactive perception for robust object pose estimation,2025,The International Journal of Robotics Research,77.69,Choose robot interactions that reveal object state or category under partial observability.,active perception policy; tactile/visuotactile representation; object-centric latent world model,"Object identity is independent of the robot hand or end-effector. | The gripper can be treated as an interchangeable actuator, not part of perception. | The same failure mode has the same semantic meaning for suction, pinch, and enveloping hands. | Tactile readings are sensor features rather than gripper-object relational events. | Object mass, friction, compliance, and geometry are separable from the grasp family.",formal equivalence classes induced by gripper-action observation channels; morphology-indexed object identity rather than embodiment-invariant labels; when tactile signatures are gripper-specific rather than object-intrinsic
12,Object recognition using tactile sensing in a robotic gripper,2022,Insight - Non-Destructive Testing and Condition Monitoring,77.204,"Use contact/touch signals to recognize, localize, or manipulate objects when vision is incomplete.",tactile/visuotactile representation; grasp synthesis or grasp quality model; pose/category-level perception,"Object identity is independent of the robot hand or end-effector. | The gripper can be treated as an interchangeable actuator, not part of perception. | The same failure mode has the same semantic meaning for suction, pinch, and enveloping hands. | Tactile readings are sensor features rather than gripper-object relational events. | Object mass, friction, compliance, and geometry are separable from the grasp family.",formal equivalence classes induced by gripper-action observation channels; morphology-indexed object identity rather than embodiment-invariant labels; when tactile signatures are gripper-specific rather than object-intrinsic
13,"Perception, navigation, and manipulation in the team KAUST approach to the MBZIRC ground robotics challenge",2019,Journal of Field Robotics,76.454,Choose robot interactions that reveal object state or category under partial observability.,active perception policy; grasp synthesis or grasp quality model; pose/category-level perception,"Object identity is independent of the robot hand or end-effector. | The gripper can be treated as an interchangeable actuator, not part of perception. | The same failure mode has the same semantic meaning for suction, pinch, and enveloping hands. | The sensor stream is a sufficient statistic for object identity regardless of action. | Active perception chooses actions but assumes the object identity target is fixed.",formal equivalence classes induced by gripper-action observation channels; morphology-indexed object identity rather than embodiment-invariant labels
14,Robotic Perception and Manipulation in Unstructured Environments,2025,International Journal on Mechanical Engineering and Robotics,75.0,Choose robot interactions that reveal object state or category under partial observability.,active perception policy; grasp synthesis or grasp quality model; affordance learning model,"Object identity is independent of the robot hand or end-effector. | The gripper can be treated as an interchangeable actuator, not part of perception. | The same failure mode has the same semantic meaning for suction, pinch, and enveloping hands. | The sensor stream is a sufficient statistic for object identity regardless of action. | Active perception chooses actions but assumes the object identity target is fixed.",formal equivalence classes induced by gripper-action observation channels; morphology-indexed object identity rather than embodiment-invariant labels; distinguishing affordance from identity when observables change
15,A Novel Reconfigurable Modular Gripper for In-Hand Object Manipulation and Release With Appropriate Posture,2016,Volume 5A: 40th Mechanisms and Robotics Conference,74.454,Choose robot interactions that reveal object state or category under partial observability.,active perception policy; grasp synthesis or grasp quality model; pose/category-level perception,"Object identity is independent of the robot hand or end-effector. | The gripper can be treated as an interchangeable actuator, not part of perception. | The same failure mode has the same semantic meaning for suction, pinch, and enveloping hands. | The sensor stream is a sufficient statistic for object identity regardless of action. | Active perception chooses actions but assumes the object identity target is fixed.",formal equivalence classes induced by gripper-action observation channels; morphology-indexed object identity rather than embodiment-invariant labels
16,Effect of Cutaneous Feedback on the Perception of Virtual Object Weight during Manipulation,2020,Scientific Reports,73.102,Choose robot interactions that reveal object state or category under partial observability.,active perception policy; tactile/visuotactile representation; grasp synthesis or grasp quality model,"Object identity is independent of the robot hand or end-effector. | The gripper can be treated as an interchangeable actuator, not part of perception. | The same failure mode has the same semantic meaning for suction, pinch, and enveloping hands. | Tactile readings are sensor features rather than gripper-object relational events. | Object mass, friction, compliance, and geometry are separable from the grasp family.",formal equivalence classes induced by gripper-action observation channels; morphology-indexed object identity rather than embodiment-invariant labels; when tactile signatures are gripper-specific rather than object-intrinsic
17,Robotic perception and manipulation of deformable linear objects: A survey,2026,The International Journal of Robotics Research,73.0,Choose robot interactions that reveal object state or category under partial observability.,active perception policy; tactile/visuotactile representation; grasp synthesis or grasp quality model,"Object identity is independent of the robot hand or end-effector. | The gripper can be treated as an interchangeable actuator, not part of perception. | The same failure mode has the same semantic meaning for suction, pinch, and enveloping hands. | Tactile readings are sensor features rather than gripper-object relational events. | Object mass, friction, compliance, and geometry are separable from the grasp family.",formal equivalence classes induced by gripper-action observation channels; morphology-indexed object identity rather than embodiment-invariant labels; when tactile signatures are gripper-specific rather than object-intrinsic
18,Leveraging depth data in remote robot teleoperation interfaces for general object manipulation,2020,The International Journal of Robotics Research,72.613,Choose robot interactions that reveal object state or category under partial observability.,active perception policy; grasp synthesis or grasp quality model; pose/category-level perception,"Object identity is independent of the robot hand or end-effector. | The gripper can be treated as an interchangeable actuator, not part of perception. | The same failure mode has the same semantic meaning for suction, pinch, and enveloping hands. | The sensor stream is a sufficient statistic for object identity regardless of action. | Active perception chooses actions but assumes the object identity target is fixed.",formal equivalence classes induced by gripper-action observation channels; morphology-indexed object identity rather than embodiment-invariant labels
19,Gripper Pose and Object Pointflow as Interfaces for Robotic Bimanual Manipulation,2025,Robotics: Science and Systems XXI,72.102,Choose robot interactions that reveal object state or category under partial observability.,active perception policy; pose/category-level perception,"Object identity is independent of the robot hand or end-effector. | The gripper can be treated as an interchangeable actuator, not part of perception. | The same failure mode has the same semantic meaning for suction, pinch, and enveloping hands. | The sensor stream is a sufficient statistic for object identity regardless of action. | Active perception chooses actions but assumes the object identity target is fixed.",formal equivalence classes induced by gripper-action observation channels; morphology-indexed object identity rather than embodiment-invariant labels
20,Human Perception of Inertial Mass for Joint Human-Robot Object Manipulation,2018,ACM Transactions on Applied Perception,70.704,Choose robot interactions that reveal object state or category under partial observability.,active perception policy; tactile/visuotactile representation,"Tactile readings are sensor features rather than gripper-object relational events. | Object mass, friction, compliance, and geometry are separable from the grasp family. | Contact observables reveal intrinsic object state rather than a quotient of state by probe. | The sensor stream is a sufficient statistic for object identity regardless of action. | Active perception chooses actions but assumes the object identity target is fixed.",formal equivalence classes induced by gripper-action observation channels; morphology-indexed object identity rather than embodiment-invariant labels
21,The RUTH Gripper: Systematic Object-Invariant Prehensile In-Hand Manipulation via Reconfigurable Underactuation,2020,Robotics: Science and Systems XVI,70.556,Choose robot interactions that reveal object state or category under partial observability.,active perception policy,"Object identity is independent of the robot hand or end-effector. | The gripper can be treated as an interchangeable actuator, not part of perception. | The same failure mode has the same semantic meaning for suction, pinch, and enveloping hands. | The sensor stream is a sufficient statistic for object identity regardless of action. | Active perception chooses actions but assumes the object identity target is fixed.",formal equivalence classes induced by gripper-action observation channels; morphology-indexed object identity rather than embodiment-invariant labels
22,Using 3D Convolutional Neural Networks for Tactile Object Recognition with Robotic Palpation,2019,Sensors,69.826,"Use contact/touch signals to recognize, localize, or manipulate objects when vision is incomplete.",tactile/visuotactile representation; grasp synthesis or grasp quality model; object-centric latent world model,"Object identity is independent of the robot hand or end-effector. | The gripper can be treated as an interchangeable actuator, not part of perception. | The same failure mode has the same semantic meaning for suction, pinch, and enveloping hands. | Tactile readings are sensor features rather than gripper-object relational events. | Object mass, friction, compliance, and geometry are separable from the grasp family.",formal equivalence classes induced by gripper-action observation channels; morphology-indexed object identity rather than embodiment-invariant labels; when tactile signatures are gripper-specific rather than object-intrinsic
23,Leveraging Human Perception in Robot Grasping and Manipulation Through Crowdsourcing and Gamification,2021,Frontiers in Robotics and AI,69.454,Choose robot interactions that reveal object state or category under partial observability.,active perception policy; grasp synthesis or grasp quality model; pose/category-level perception,"Object identity is independent of the robot hand or end-effector. | The gripper can be treated as an interchangeable actuator, not part of perception. | The same failure mode has the same semantic meaning for suction, pinch, and enveloping hands. | The sensor stream is a sufficient statistic for object identity regardless of action. | Active perception chooses actions but assumes the object identity target is fixed.",formal equivalence classes induced by gripper-action observation channels; morphology-indexed object identity rather than embodiment-invariant labels
24,Autonomous Object Manipulation Using a Soft Planar Grasping Manipulator,2015,Soft Robotics,68.961,Choose robot interactions that reveal object state or category under partial observability.,active perception policy; grasp synthesis or grasp quality model; deformable/contact dynamics model,"Object identity is independent of the robot hand or end-effector. | The gripper can be treated as an interchangeable actuator, not part of perception. | The same failure mode has the same semantic meaning for suction, pinch, and enveloping hands. | The sensor stream is a sufficient statistic for object identity regardless of action. | Active perception chooses actions but assumes the object identity target is fixed.",formal equivalence classes induced by gripper-action observation channels; morphology-indexed object identity rather than embodiment-invariant labels
25,Coupled recursive estimation for online interactive perception of articulated objects,2022,The International Journal of Robotics Research,68.83,Choose robot interactions that reveal object state or category under partial observability.,active perception policy; pose/category-level perception; deformable/contact dynamics model,"Tactile readings are sensor features rather than gripper-object relational events. | Object mass, friction, compliance, and geometry are separable from the grasp family. | Contact observables reveal intrinsic object state rather than a quotient of state by probe. | The sensor stream is a sufficient statistic for object identity regardless of action. | Active perception chooses actions but assumes the object identity target is fixed.",formal equivalence classes induced by gripper-action observation channels; morphology-indexed object identity rather than embodiment-invariant labels
26,Comparison of object-level grasp controllers for dynamic dexterous manipulation,2012,The International Journal of Robotics Research,68.379,Choose robot interactions that reveal object state or category under partial observability.,active perception policy; grasp synthesis or grasp quality model; pose/category-level perception,"Object identity is independent of the robot hand or end-effector. | The gripper can be treated as an interchangeable actuator, not part of perception. | The same failure mode has the same semantic meaning for suction, pinch, and enveloping hands. | The sensor stream is a sufficient statistic for object identity regardless of action. | Active perception chooses actions but assumes the object identity target is fixed.",formal equivalence classes induced by gripper-action observation channels; morphology-indexed object identity rather than embodiment-invariant labels
27,Modeling and Grasp Stability Analysis for Object Manipulation by Soft Rolling Fingertips,2014,International Journal of Humanoid Robotics,68.056,Choose robot interactions that reveal object state or category under partial observability.,active perception policy; grasp synthesis or grasp quality model; pose/category-level perception,"Object identity is independent of the robot hand or end-effector. | The gripper can be treated as an interchangeable actuator, not part of perception. | The same failure mode has the same semantic meaning for suction, pinch, and enveloping hands. | The sensor stream is a sufficient statistic for object identity regardless of action. | Active perception chooses actions but assumes the object identity target is fixed.",formal equivalence classes induced by gripper-action observation channels; morphology-indexed object identity rather than embodiment-invariant labels
28,Coupling Human Action Recognizer With Object Detector for Robotic Manipulation in Human-Robot Interaction,2025,ASME Letters in Translational Robotics,68.0,Choose robot interactions that reveal object state or category under partial observability.,active perception policy; pose/category-level perception; robot learning control policy,The sensor stream is a sufficient statistic for object identity regardless of action. | Active perception chooses actions but assumes the object identity target is fixed. | The object model need not represent unobservable equivalence classes. | A category label is stable across changes in contact geometry. | Benchmark labels correspond to the distinctions a deployed gripper can observe.,formal equivalence classes induced by gripper-action observation channels; morphology-indexed object identity rather than embodiment-invariant labels
29,"Real-Time Performance Evaluation of Household Object Detection, Recognition and Grasping Using Firebird V Robot",2025,Journal of Information Systems Engineering and Management,67.0,"Use contact/touch signals to recognize, localize, or manipulate objects when vision is incomplete.",tactile/visuotactile representation; grasp synthesis or grasp quality model; affordance learning model,"Object identity is independent of the robot hand or end-effector. | The gripper can be treated as an interchangeable actuator, not part of perception. | The same failure mode has the same semantic meaning for suction, pinch, and enveloping hands. | Tactile readings are sensor features rather than gripper-object relational events. | Object mass, friction, compliance, and geometry are separable from the grasp family.",formal equivalence classes induced by gripper-action observation channels; morphology-indexed object identity rather than embodiment-invariant labels; when tactile signatures are gripper-specific rather than object-intrinsic
30,Motion Planning for Dynamic Three-Dimensional Manipulation for Unknown Flexible Linear Object,2024,Journal of Robotics and Mechatronics,67.0,Choose robot interactions that reveal object state or category under partial observability.,active perception policy; pose/category-level perception; deformable/contact dynamics model,The sensor stream is a sufficient statistic for object identity regardless of action. | Active perception chooses actions but assumes the object identity target is fixed. | The object model need not represent unobservable equivalence classes. | A category label is stable across changes in contact geometry. | Benchmark labels correspond to the distinctions a deployed gripper can observe.,formal equivalence classes induced by gripper-action observation channels; morphology-indexed object identity rather than embodiment-invariant labels
31,Motion Planning and Reactive Control Algorithms for Object Manipulation in Uncertain Conditions,2018,Robotics,66.898,Choose robot interactions that reveal object state or category under partial observability.,active perception policy; grasp synthesis or grasp quality model; pose/category-level perception,"Object identity is independent of the robot hand or end-effector. | The gripper can be treated as an interchangeable actuator, not part of perception. | The same failure mode has the same semantic meaning for suction, pinch, and enveloping hands. | The sensor stream is a sufficient statistic for object identity regardless of action. | Active perception chooses actions but assumes the object identity target is fixed.",formal equivalence classes induced by gripper-action observation channels; morphology-indexed object identity rather than embodiment-invariant labels
32,Vision for Robust Robot Manipulation,2019,Sensors,66.658,"Use contact/touch signals to recognize, localize, or manipulate objects when vision is incomplete.",tactile/visuotactile representation; grasp synthesis or grasp quality model; affordance learning model,"Object identity is independent of the robot hand or end-effector. | The gripper can be treated as an interchangeable actuator, not part of perception. | The same failure mode has the same semantic meaning for suction, pinch, and enveloping hands. | Tactile readings are sensor features rather than gripper-object relational events. | Object mass, friction, compliance, and geometry are separable from the grasp family.",formal equivalence classes induced by gripper-action observation channels; morphology-indexed object identity rather than embodiment-invariant labels; when tactile signatures are gripper-specific rather than object-intrinsic
33,3D Visual Data-Driven Spatiotemporal Deformations for Non-Rigid Object Grasping Using Robot Hands,2016,Sensors,66.583,"Use contact/touch signals to recognize, localize, or manipulate objects when vision is incomplete.",tactile/visuotactile representation; grasp synthesis or grasp quality model; pose/category-level perception,"Object identity is independent of the robot hand or end-effector. | The gripper can be treated as an interchangeable actuator, not part of perception. | The same failure mode has the same semantic meaning for suction, pinch, and enveloping hands. | Tactile readings are sensor features rather than gripper-object relational events. | Object mass, friction, compliance, and geometry are separable from the grasp family.",formal equivalence classes induced by gripper-action observation channels; morphology-indexed object identity rather than embodiment-invariant labels; when tactile signatures are gripper-specific rather than object-intrinsic
34,A Riemannian-Geometry Approach for Modeling and Control of Dynamics of Object Manipulation under Constraints,2009,Journal of Robotics,66.056,Choose robot interactions that reveal object state or category under partial observability.,active perception policy; grasp synthesis or grasp quality model; robot learning control policy,"Object identity is independent of the robot hand or end-effector. | The gripper can be treated as an interchangeable actuator, not part of perception. | The same failure mode has the same semantic meaning for suction, pinch, and enveloping hands. | Tactile readings are sensor features rather than gripper-object relational events. | Object mass, friction, compliance, and geometry are separable from the grasp family.",formal equivalence classes induced by gripper-action observation channels; morphology-indexed object identity rather than embodiment-invariant labels
35,Interactive imitation learning for dexterous robotic manipulation: challenges and perspectives-a survey,2025,Frontiers in Robotics and AI,65.954,Choose robot interactions that reveal object state or category under partial observability.,active perception policy; robot learning control policy,The sensor stream is a sufficient statistic for object identity regardless of action. | Active perception chooses actions but assumes the object identity target is fixed. | The object model need not represent unobservable equivalence classes.,formal equivalence classes induced by gripper-action observation channels; morphology-indexed object identity rather than embodiment-invariant labels
36,"Robotic surfaces with reversible, spatiotemporal control for shape morphing and object manipulation",2021,Science Robotics,65.841,Choose robot interactions that reveal object state or category under partial observability.,active perception policy; robot learning control policy,The sensor stream is a sufficient statistic for object identity regardless of action. | Active perception chooses actions but assumes the object identity target is fixed. | The object model need not represent unobservable equivalence classes.,formal equivalence classes induced by gripper-action observation channels; morphology-indexed object identity rather than embodiment-invariant labels
37,Inertial Properties in Robotic Manipulation: An Object-Level Framework,1995,The International Journal of Robotics Research,65.816,Choose robot interactions that reveal object state or category under partial observability.,active perception policy; object-centric latent world model; pose/category-level perception,The sensor stream is a sufficient statistic for object identity regardless of action. | Active perception chooses actions but assumes the object identity target is fixed. | The object model need not represent unobservable equivalence classes.,formal equivalence classes induced by gripper-action observation channels; morphology-indexed object identity rather than embodiment-invariant labels
38,"Forcebased perception and manipulation, the DTU team competing in MBZIRC 2017",2019,Journal of Field Robotics,65.5,Choose robot interactions that reveal object state or category under partial observability.,active perception policy,"Tactile readings are sensor features rather than gripper-object relational events. | Object mass, friction, compliance, and geometry are separable from the grasp family. | Contact observables reveal intrinsic object state rather than a quotient of state by probe. | The sensor stream is a sufficient statistic for object identity regardless of action. | Active perception chooses actions but assumes the object identity target is fixed.",formal equivalence classes induced by gripper-action observation channels; morphology-indexed object identity rather than embodiment-invariant labels
39,"Survey of robotic manipulation studies intending practical applications in real environments -object recognition, soft robot hand, and challenge program and benchmarking-",2017,Advanced Robotics,65.449,Choose robot interactions that reveal object state or category under partial observability.,active perception policy,"Object identity is independent of the robot hand or end-effector. | The gripper can be treated as an interchangeable actuator, not part of perception. | The same failure mode has the same semantic meaning for suction, pinch, and enveloping hands. | The sensor stream is a sufficient statistic for object identity regardless of action. | Active perception chooses actions but assumes the object identity target is fixed.",formal equivalence classes induced by gripper-action observation channels; morphology-indexed object identity rather than embodiment-invariant labels; mechanistic demonstration beyond benchmark score changes
40,"Interactive Open-Ended Object, Affordance and Grasp Learning for Robotic Manipulation",2019,2019 International Conference on Robotics and Automation (ICRA),65.083,Choose robot interactions that reveal object state or category under partial observability.,active perception policy; grasp synthesis or grasp quality model; affordance learning model,"Object identity is independent of the robot hand or end-effector. | The gripper can be treated as an interchangeable actuator, not part of perception. | The same failure mode has the same semantic meaning for suction, pinch, and enveloping hands. | The sensor stream is a sufficient statistic for object identity regardless of action. | Active perception chooses actions but assumes the object identity target is fixed.",formal equivalence classes induced by gripper-action observation channels; morphology-indexed object identity rather than embodiment-invariant labels; distinguishing affordance from identity when observables change
41,Motion Planning for Nonprehensile Object Manipulation Using Novel 5-Bar Linkage,2025,Journal of Mechanisms and Robotics,65.0,Choose robot interactions that reveal object state or category under partial observability.,active perception policy; grasp synthesis or grasp quality model,"Object identity is independent of the robot hand or end-effector. | The gripper can be treated as an interchangeable actuator, not part of perception. | The same failure mode has the same semantic meaning for suction, pinch, and enveloping hands. | The sensor stream is a sufficient statistic for object identity regardless of action. | Active perception chooses actions but assumes the object identity target is fixed.",formal equivalence classes induced by gripper-action observation channels; morphology-indexed object identity rather than embodiment-invariant labels
42,From Visual Understanding to Complex Object Manipulation,2019,"Annual Review of Control, Robotics, and Autonomous Systems",64.961,Predict or execute stable grasps and manipulation actions from object observations.,grasp synthesis or grasp quality model,"Object identity is independent of the robot hand or end-effector. | The gripper can be treated as an interchangeable actuator, not part of perception. | The same failure mode has the same semantic meaning for suction, pinch, and enveloping hands.",formal equivalence classes induced by gripper-action observation channels; morphology-indexed object identity rather than embodiment-invariant labels
43,A High-Repeatability Three-Dimensional Force Tactile Sensing System for Robotic Dexterous Grasping and Object Recognition,2024,Micromachines,64.556,"Use contact/touch signals to recognize, localize, or manipulate objects when vision is incomplete.",tactile/visuotactile representation; grasp synthesis or grasp quality model; pose/category-level perception,"Object identity is independent of the robot hand or end-effector. | The gripper can be treated as an interchangeable actuator, not part of perception. | The same failure mode has the same semantic meaning for suction, pinch, and enveloping hands. | Tactile readings are sensor features rather than gripper-object relational events. | Object mass, friction, compliance, and geometry are separable from the grasp family.",formal equivalence classes induced by gripper-action observation channels; morphology-indexed object identity rather than embodiment-invariant labels; when tactile signatures are gripper-specific rather than object-intrinsic
44,The MOPED framework: Object recognition and pose estimation for manipulation,2011,The International Journal of Robotics Research,64.553,Choose robot interactions that reveal object state or category under partial observability.,active perception policy; pose/category-level perception,"Object identity is independent of the robot hand or end-effector. | The gripper can be treated as an interchangeable actuator, not part of perception. | The same failure mode has the same semantic meaning for suction, pinch, and enveloping hands. | The sensor stream is a sufficient statistic for object identity regardless of action. | Active perception chooses actions but assumes the object identity target is fixed.",formal equivalence classes induced by gripper-action observation channels; morphology-indexed object identity rather than embodiment-invariant labels
45,Object Pose Estimation From RGB-D Images With Affordance-Instance Segmentation Constraint for Semantic Robot Manipulation,2024,IEEE Robotics and Automation Letters,64.19,Choose robot interactions that reveal object state or category under partial observability.,active perception policy; affordance learning model; pose/category-level perception,The sensor stream is a sufficient statistic for object identity regardless of action. | Active perception chooses actions but assumes the object identity target is fixed. | The object model need not represent unobservable equivalence classes. | Affordances are properties of objects alone rather than object-gripper-action triples. | Planning can consume object labels without knowing their gripper-conditioned validity.,formal equivalence classes induced by gripper-action observation channels; morphology-indexed object identity rather than embodiment-invariant labels; distinguishing affordance from identity when observables change
46,A shape control and object manipulation technique based on function approximation for robotic surfaces,2025,Frontiers in Robotics and AI,64.0,Choose robot interactions that reveal object state or category under partial observability.,active perception policy; pose/category-level perception; robot learning control policy,The sensor stream is a sufficient statistic for object identity regardless of action. | Active perception chooses actions but assumes the object identity target is fixed. | The object model need not represent unobservable equivalence classes.,formal equivalence classes induced by gripper-action observation channels; morphology-indexed object identity rather than embodiment-invariant labels
47,Research on object recognition for grasping by flexible bionic manipulator based on FBG sensors and Markov transition field,2026,Measurement Science and Technology,64.0,"Use contact/touch signals to recognize, localize, or manipulate objects when vision is incomplete.",tactile/visuotactile representation; grasp synthesis or grasp quality model; pose/category-level perception,"Object identity is independent of the robot hand or end-effector. | The gripper can be treated as an interchangeable actuator, not part of perception. | The same failure mode has the same semantic meaning for suction, pinch, and enveloping hands. | Tactile readings are sensor features rather than gripper-object relational events. | Object mass, friction, compliance, and geometry are separable from the grasp family.",formal equivalence classes induced by gripper-action observation channels; morphology-indexed object identity rather than embodiment-invariant labels; when tactile signatures are gripper-specific rather than object-intrinsic
48,Bioinspired dual soft arm mobile robot with humanoid tactile fingertip sensing and bubble artificial muscles for adaptive obstacle avoidance and object manipulation,2025,Bioinspiration &amp; Biomimetics,63.954,"Use contact/touch signals to recognize, localize, or manipulate objects when vision is incomplete.",active perception policy; tactile/visuotactile representation; grasp synthesis or grasp quality model,"Object identity is independent of the robot hand or end-effector. | The gripper can be treated as an interchangeable actuator, not part of perception. | The same failure mode has the same semantic meaning for suction, pinch, and enveloping hands. | Tactile readings are sensor features rather than gripper-object relational events. | Object mass, friction, compliance, and geometry are separable from the grasp family.",formal equivalence classes induced by gripper-action observation channels; morphology-indexed object identity rather than embodiment-invariant labels; when tactile signatures are gripper-specific rather than object-intrinsic
49,Interactive object recognition using proprioceptive and auditory feedback,2011,The International Journal of Robotics Research,63.932,Choose robot interactions that reveal object state or category under partial observability.,active perception policy; pose/category-level perception,The sensor stream is a sufficient statistic for object identity regardless of action. | Active perception chooses actions but assumes the object identity target is fixed. | The object model need not represent unobservable equivalence classes. | A category label is stable across changes in contact geometry. | Benchmark labels correspond to the distinctions a deployed gripper can observe.,formal equivalence classes induced by gripper-action observation channels; morphology-indexed object identity rather than embodiment-invariant labels
50,A Hybrid Grasp Matrix for Cooperative Robotic Object Manipulation,2011,"Volume 6: 35th Mechanisms and Robotics Conference, Parts A and B",63.5,Choose robot interactions that reveal object state or category under partial observability.,active perception policy; grasp synthesis or grasp quality model; robot learning control policy,"Object identity is independent of the robot hand or end-effector. | The gripper can be treated as an interchangeable actuator, not part of perception. | The same failure mode has the same semantic meaning for suction, pinch, and enveloping hands. | Tactile readings are sensor features rather than gripper-object relational events. | Object mass, friction, compliance, and geometry are separable from the grasp family.",formal equivalence classes induced by gripper-action observation channels; morphology-indexed object identity rather than embodiment-invariant labels
51,A Cross-Embodiment Gripper Benchmark for Rigid-Object Manipulation in Aerial and Industrial Robotics,2026,IEEE Robotics and Automation Letters,63.5,Choose robot interactions that reveal object state or category under partial observability.,active perception policy,"Object identity is independent of the robot hand or end-effector. | The gripper can be treated as an interchangeable actuator, not part of perception. | The same failure mode has the same semantic meaning for suction, pinch, and enveloping hands. | The sensor stream is a sufficient statistic for object identity regardless of action. | Active perception chooses actions but assumes the object identity target is fixed.",formal equivalence classes induced by gripper-action observation channels; morphology-indexed object identity rather than embodiment-invariant labels; mechanistic demonstration beyond benchmark score changes
52,Design of a Roller-Based Dexterous Hand for Object Grasping and Within-Hand Manipulation,2020,2020 IEEE International Conference on Robotics and Automation (ICRA),63.496,Choose robot interactions that reveal object state or category under partial observability.,active perception policy; grasp synthesis or grasp quality model,"Object identity is independent of the robot hand or end-effector. | The gripper can be treated as an interchangeable actuator, not part of perception. | The same failure mode has the same semantic meaning for suction, pinch, and enveloping hands. | The sensor stream is a sufficient statistic for object identity regardless of action. | Active perception chooses actions but assumes the object identity target is fixed.",formal equivalence classes induced by gripper-action observation channels; morphology-indexed object identity rather than embodiment-invariant labels
53,Integrating visual perception and manipulation for autonomous learning of object representations,2013,Adaptive Behavior,63.394,Choose robot interactions that reveal object state or category under partial observability.,active perception policy; object-centric latent world model; pose/category-level perception,The sensor stream is a sufficient statistic for object identity regardless of action. | Active perception chooses actions but assumes the object identity target is fixed. | The object model need not represent unobservable equivalence classes. | A category label is stable across changes in contact geometry. | Benchmark labels correspond to the distinctions a deployed gripper can observe.,formal equivalence classes induced by gripper-action observation channels; morphology-indexed object identity rather than embodiment-invariant labels
54,Caging in time: A framework for robust object manipulation under uncertainties and limited robot perception,2025,The International Journal of Robotics Research,62.954,Choose robot interactions that reveal object state or category under partial observability.,active perception policy; pose/category-level perception; deformable/contact dynamics model,"Object identity is independent of the robot hand or end-effector. | The gripper can be treated as an interchangeable actuator, not part of perception. | The same failure mode has the same semantic meaning for suction, pinch, and enveloping hands. | Tactile readings are sensor features rather than gripper-object relational events. | Object mass, friction, compliance, and geometry are separable from the grasp family.",formal equivalence classes induced by gripper-action observation channels; morphology-indexed object identity rather than embodiment-invariant labels
55,Enhancing Object Manipulation and Transportation in Multi-Robot Systems with Soft Gripper Integration and Caging-Based Control,2025,Journal of Intelligent &amp; Robotic Systems,62.954,Predict or execute stable grasps and manipulation actions from object observations.,pose/category-level perception; soft/suction gripper mechanism; robot learning control policy,"Object identity is independent of the robot hand or end-effector. | The gripper can be treated as an interchangeable actuator, not part of perception. | The same failure mode has the same semantic meaning for suction, pinch, and enveloping hands.",formal equivalence classes induced by gripper-action observation channels; morphology-indexed object identity rather than embodiment-invariant labels
56,RGB-D object detection and semantic segmentation for autonomous manipulation in clutter,2018,The International Journal of Robotics Research,62.658,Choose robot interactions that reveal object state or category under partial observability.,active perception policy; pose/category-level perception,The sensor stream is a sufficient statistic for object identity regardless of action. | Active perception chooses actions but assumes the object identity target is fixed. | The object model need not represent unobservable equivalence classes.,formal equivalence classes induced by gripper-action observation channels; morphology-indexed object identity rather than embodiment-invariant labels
57,Object recognition and full pose registration from a single image for robotic manipulation,2009,2009 IEEE International Conference on Robotics and Automation,62.539,Choose robot interactions that reveal object state or category under partial observability.,active perception policy; pose/category-level perception,The sensor stream is a sufficient statistic for object identity regardless of action. | Active perception chooses actions but assumes the object identity target is fixed. | The object model need not represent unobservable equivalence classes. | A category label is stable across changes in contact geometry. | Benchmark labels correspond to the distinctions a deployed gripper can observe.,formal equivalence classes induced by gripper-action observation channels; morphology-indexed object identity rather than embodiment-invariant labels
58,ARMBench: An Object-centric Benchmark Dataset for Robotic Manipulation,2023,2023 IEEE International Conference on Robotics and Automation (ICRA),62.537,Choose robot interactions that reveal object state or category under partial observability.,active perception policy; object-centric latent world model,The sensor stream is a sufficient statistic for object identity regardless of action. | Active perception chooses actions but assumes the object identity target is fixed. | The object model need not represent unobservable equivalence classes. | A single latent object embedding can serve all manipulation actions. | A learned representation that is invariant across embodiments is always beneficial.,formal equivalence classes induced by gripper-action observation channels; morphology-indexed object identity rather than embodiment-invariant labels; mechanistic demonstration beyond benchmark score changes
59,Improving Object Grasping Through Synthetic Perception-Based Pose Correction in Robotic Manipulation,2025,2025 IEEE International Conference on Development and Learning (ICDL),62.5,Choose robot interactions that reveal object state or category under partial observability.,active perception policy; grasp synthesis or grasp quality model; pose/category-level perception,"Object identity is independent of the robot hand or end-effector. | The gripper can be treated as an interchangeable actuator, not part of perception. | The same failure mode has the same semantic meaning for suction, pinch, and enveloping hands. | The sensor stream is a sufficient statistic for object identity regardless of action. | Active perception chooses actions but assumes the object identity target is fixed.",formal equivalence classes induced by gripper-action observation channels; morphology-indexed object identity rather than embodiment-invariant labels
60,Action-conditional implicit visual dynamics for deformable object manipulation,2024,The International Journal of Robotics Research,62.398,Choose robot interactions that reveal object state or category under partial observability.,active perception policy; object-centric latent world model; deformable/contact dynamics model,The sensor stream is a sufficient statistic for object identity regardless of action. | Active perception chooses actions but assumes the object identity target is fixed. | The object model need not represent unobservable equivalence classes.,formal equivalence classes induced by gripper-action observation channels; morphology-indexed object identity rather than embodiment-invariant labels; mechanistic demonstration beyond benchmark score changes
61,Learning Affordance Space in Physical World for Vision-based Robotic Object Manipulation,2020,2020 IEEE International Conference on Robotics and Automation (ICRA),62.292,Choose robot interactions that reveal object state or category under partial observability.,active perception policy; affordance learning model,The sensor stream is a sufficient statistic for object identity regardless of action. | Active perception chooses actions but assumes the object identity target is fixed. | The object model need not represent unobservable equivalence classes. | Affordances are properties of objects alone rather than object-gripper-action triples. | Planning can consume object labels without knowing their gripper-conditioned validity.,formal equivalence classes induced by gripper-action observation channels; morphology-indexed object identity rather than embodiment-invariant labels; distinguishing affordance from identity when observables change
62,Dexterous Object Manipulation with an Anthropomorphic Robot Hand via Natural Hand Pose Transformer and Deep Reinforcement Learning,2022,Applied Sciences,62.204,Predict or execute stable grasps and manipulation actions from object observations.,grasp synthesis or grasp quality model; affordance learning model; pose/category-level perception,"Object identity is independent of the robot hand or end-effector. | The gripper can be treated as an interchangeable actuator, not part of perception. | The same failure mode has the same semantic meaning for suction, pinch, and enveloping hands. | Affordances are properties of objects alone rather than object-gripper-action triples. | Planning can consume object labels without knowing their gripper-conditioned validity.",formal equivalence classes induced by gripper-action observation channels; morphology-indexed object identity rather than embodiment-invariant labels; distinguishing affordance from identity when observables change
63,Shelf Replenishment Based on Object Arrangement Detection and Collapse Prediction for Bimanual Manipulation,2022,Robotics,62.158,Choose robot interactions that reveal object state or category under partial observability.,active perception policy; pose/category-level perception,"Object identity is independent of the robot hand or end-effector. | The gripper can be treated as an interchangeable actuator, not part of perception. | The same failure mode has the same semantic meaning for suction, pinch, and enveloping hands. | The sensor stream is a sufficient statistic for object identity regardless of action. | Active perception chooses actions but assumes the object identity target is fixed.",formal equivalence classes induced by gripper-action observation channels; morphology-indexed object identity rather than embodiment-invariant labels
64,A Case Study of Flexible Object Manipulation,1991,The International Journal of Robotics Research,62.139,Choose robot interactions that reveal object state or category under partial observability.,active perception policy; object-centric latent world model; deformable/contact dynamics model,The sensor stream is a sufficient statistic for object identity regardless of action. | Active perception chooses actions but assumes the object identity target is fixed. | The object model need not represent unobservable equivalence classes.,formal equivalence classes induced by gripper-action observation channels; morphology-indexed object identity rather than embodiment-invariant labels
65,Tactile Behaviors with the Vision-Based Tactile Sensor FingerVision,2019,International Journal of Humanoid Robotics,62.027,"Use contact/touch signals to recognize, localize, or manipulate objects when vision is incomplete.",tactile/visuotactile representation; grasp synthesis or grasp quality model; pose/category-level perception,"Object identity is independent of the robot hand or end-effector. | The gripper can be treated as an interchangeable actuator, not part of perception. | The same failure mode has the same semantic meaning for suction, pinch, and enveloping hands. | Tactile readings are sensor features rather than gripper-object relational events. | Object mass, friction, compliance, and geometry are separable from the grasp family.",formal equivalence classes induced by gripper-action observation channels; morphology-indexed object identity rather than embodiment-invariant labels; when tactile signatures are gripper-specific rather than object-intrinsic
66,Proprioceptive shape signatures for object manipulation and recognition purposes in a robotic hand,2017,Robotics and Autonomous Systems,62.0,Choose robot interactions that reveal object state or category under partial observability.,active perception policy; pose/category-level perception,"Object identity is independent of the robot hand or end-effector. | The gripper can be treated as an interchangeable actuator, not part of perception. | The same failure mode has the same semantic meaning for suction, pinch, and enveloping hands. | The sensor stream is a sufficient statistic for object identity regardless of action. | Active perception chooses actions but assumes the object identity target is fixed.",formal equivalence classes induced by gripper-action observation channels; morphology-indexed object identity rather than embodiment-invariant labels
67,Optimizing Object Classification in Robotic Perception Environments Exploring Late Fusion Strategies,2024,Journal of Robotics Spectrum,62.0,Choose robot interactions that reveal object state or category under partial observability.,active perception policy; pose/category-level perception,"Object identity is independent of the robot hand or end-effector. | The gripper can be treated as an interchangeable actuator, not part of perception. | The same failure mode has the same semantic meaning for suction, pinch, and enveloping hands. | The sensor stream is a sufficient statistic for object identity regardless of action. | Active perception chooses actions but assumes the object identity target is fixed.",formal equivalence classes induced by gripper-action observation channels; morphology-indexed object identity rather than embodiment-invariant labels
68,Object Manipulation by Universal Vacuum Gripper with Vibration Brush,2019,The Proceedings of JSME annual Conference on Robotics and Mechatronics (Robomec),62.0,Choose robot interactions that reveal object state or category under partial observability.,active perception policy; soft/suction gripper mechanism,"Object identity is independent of the robot hand or end-effector. | The gripper can be treated as an interchangeable actuator, not part of perception. | The same failure mode has the same semantic meaning for suction, pinch, and enveloping hands. | The sensor stream is a sufficient statistic for object identity regardless of action. | Active perception chooses actions but assumes the object identity target is fixed.",formal equivalence classes induced by gripper-action observation channels; morphology-indexed object identity rather than embodiment-invariant labels
69,PMK-A Knowledge Processing Framework for Autonomous Robotics Perception and Manipulation,2019,Sensors,61.981,Choose robot interactions that reveal object state or category under partial observability.,active perception policy; affordance learning model; pose/category-level perception,The sensor stream is a sufficient statistic for object identity regardless of action. | Active perception chooses actions but assumes the object identity target is fixed. | The object model need not represent unobservable equivalence classes.,formal equivalence classes induced by gripper-action observation channels; morphology-indexed object identity rather than embodiment-invariant labels
70,Interactive and incremental learning of spatial object relations from human demonstrations,2023,Frontiers in Robotics and AI,61.69,Choose robot interactions that reveal object state or category under partial observability.,active perception policy; object-centric latent world model,The sensor stream is a sufficient statistic for object identity regardless of action. | Active perception chooses actions but assumes the object identity target is fixed. | The object model need not represent unobservable equivalence classes.,formal equivalence classes induced by gripper-action observation channels; morphology-indexed object identity rather than embodiment-invariant labels
71,In-Hand Object Classification and Pose Estimation With Sim-to-Real Tactile Transfer for Robotic Manipulation,2024,IEEE Robotics and Automation Letters,61.408,"Use contact/touch signals to recognize, localize, or manipulate objects when vision is incomplete.",tactile/visuotactile representation; pose/category-level perception; sim-to-real or domain adaptation,"Object identity is independent of the robot hand or end-effector. | The gripper can be treated as an interchangeable actuator, not part of perception. | The same failure mode has the same semantic meaning for suction, pinch, and enveloping hands. | Tactile readings are sensor features rather than gripper-object relational events. | Object mass, friction, compliance, and geometry are separable from the grasp family.",formal equivalence classes induced by gripper-action observation channels; morphology-indexed object identity rather than embodiment-invariant labels; when tactile signatures are gripper-specific rather than object-intrinsic
72,Magnetostrictive-based multimodal tactile sensors for object recognition,2024,AIP Advances,61.398,"Use contact/touch signals to recognize, localize, or manipulate objects when vision is incomplete.",tactile/visuotactile representation; grasp synthesis or grasp quality model,"Object identity is independent of the robot hand or end-effector. | The gripper can be treated as an interchangeable actuator, not part of perception. | The same failure mode has the same semantic meaning for suction, pinch, and enveloping hands. | Tactile readings are sensor features rather than gripper-object relational events. | Object mass, friction, compliance, and geometry are separable from the grasp family.",formal equivalence classes induced by gripper-action observation channels; morphology-indexed object identity rather than embodiment-invariant labels; when tactile signatures are gripper-specific rather than object-intrinsic
73,Trends and challenges in robot manipulation,2019,Science,61.394,"Use contact/touch signals to recognize, localize, or manipulate objects when vision is incomplete.",tactile/visuotactile representation; robot learning control policy,"Object identity is independent of the robot hand or end-effector. | The gripper can be treated as an interchangeable actuator, not part of perception. | The same failure mode has the same semantic meaning for suction, pinch, and enveloping hands. | Tactile readings are sensor features rather than gripper-object relational events. | Object mass, friction, compliance, and geometry are separable from the grasp family.",formal equivalence classes induced by gripper-action observation channels; morphology-indexed object identity rather than embodiment-invariant labels; when tactile signatures are gripper-specific rather than object-intrinsic
74,Torque-planning errors affect the perception of object properties and sensorimotor memories during object manipulation in uncertain grasp situations,2019,Journal of Neurophysiology,61.394,Choose robot interactions that reveal object state or category under partial observability.,active perception policy; grasp synthesis or grasp quality model; deformable/contact dynamics model,"Object identity is independent of the robot hand or end-effector. | The gripper can be treated as an interchangeable actuator, not part of perception. | The same failure mode has the same semantic meaning for suction, pinch, and enveloping hands. | The sensor stream is a sufficient statistic for object identity regardless of action. | Active perception chooses actions but assumes the object identity target is fixed.",formal equivalence classes induced by gripper-action observation channels; morphology-indexed object identity rather than embodiment-invariant labels
75,"Modeling, learning, perception, and control methods for deformable object manipulation",2021,Science Robotics,61.356,Choose robot interactions that reveal object state or category under partial observability.,active perception policy; deformable/contact dynamics model; robot learning control policy,"Object identity is independent of the robot hand or end-effector. | The gripper can be treated as an interchangeable actuator, not part of perception. | The same failure mode has the same semantic meaning for suction, pinch, and enveloping hands. | The sensor stream is a sufficient statistic for object identity regardless of action. | Active perception chooses actions but assumes the object identity target is fixed.",formal equivalence classes induced by gripper-action observation channels; morphology-indexed object identity rather than embodiment-invariant labels
76,Validations of various in-hand object manipulation strategies employing a novel tactile sensor developed for an under-actuated robot hand,2024,Frontiers in Robotics and AI,61.204,"Use contact/touch signals to recognize, localize, or manipulate objects when vision is incomplete.",tactile/visuotactile representation; grasp synthesis or grasp quality model; pose/category-level perception,"Object identity is independent of the robot hand or end-effector. | The gripper can be treated as an interchangeable actuator, not part of perception. | The same failure mode has the same semantic meaning for suction, pinch, and enveloping hands. | Tactile readings are sensor features rather than gripper-object relational events. | Object mass, friction, compliance, and geometry are separable from the grasp family.",formal equivalence classes induced by gripper-action observation channels; morphology-indexed object identity rather than embodiment-invariant labels; when tactile signatures are gripper-specific rather than object-intrinsic
77,Tactile-Driven Non-Prehensile Object Manipulation via Extrinsic Contact Mode Control,2024,Robotics: Science and Systems XX,61.056,Choose robot interactions that reveal object state or category under partial observability.,active perception policy; tactile/visuotactile representation; robot learning control policy,"Tactile readings are sensor features rather than gripper-object relational events. | Object mass, friction, compliance, and geometry are separable from the grasp family. | Contact observables reveal intrinsic object state rather than a quotient of state by probe. | The sensor stream is a sufficient statistic for object identity regardless of action. | Active perception chooses actions but assumes the object identity target is fixed.",formal equivalence classes induced by gripper-action observation channels; morphology-indexed object identity rather than embodiment-invariant labels; when tactile signatures are gripper-specific rather than object-intrinsic
78,Learning Latent Object-Centric Representations for Visual-Based Robot Manipulation,2022,2022 International Conference on Advanced Robotics and Mechatronics (ICARM),61.056,Choose robot interactions that reveal object state or category under partial observability.,active perception policy; object-centric latent world model,The sensor stream is a sufficient statistic for object identity regardless of action. | Active perception chooses actions but assumes the object identity target is fixed. | The object model need not represent unobservable equivalence classes. | A single latent object embedding can serve all manipulation actions. | A learned representation that is invariant across embodiments is always beneficial.,formal equivalence classes induced by gripper-action observation channels; morphology-indexed object identity rather than embodiment-invariant labels
79,An Adaptive Shared Control Frame and Feedback Rendering in Interactive RobotAssisted Surgical Manipulation,2025,The International Journal of Medical Robotics and Computer Assisted Surgery,61.0,Choose robot interactions that reveal object state or category under partial observability.,active perception policy; tactile/visuotactile representation; pose/category-level perception,"Tactile readings are sensor features rather than gripper-object relational events. | Object mass, friction, compliance, and geometry are separable from the grasp family. | Contact observables reveal intrinsic object state rather than a quotient of state by probe. | The sensor stream is a sufficient statistic for object identity regardless of action. | Active perception chooses actions but assumes the object identity target is fixed.",formal equivalence classes induced by gripper-action observation channels; morphology-indexed object identity rather than embodiment-invariant labels
80,Intelligent Object Manipulation for a WheelchairMounted Robotic Arm,2024,Journal of Robotics,60.954,Choose robot interactions that reveal object state or category under partial observability.,active perception policy; affordance learning model; pose/category-level perception,The sensor stream is a sufficient statistic for object identity regardless of action. | Active perception chooses actions but assumes the object identity target is fixed. | The object model need not represent unobservable equivalence classes.,formal equivalence classes induced by gripper-action observation channels; morphology-indexed object identity rather than embodiment-invariant labels
81,Neuromorphic visuotactile slip perception for robotic manipulation,2026,Robotics and Autonomous Systems,60.5,Choose robot interactions that reveal object state or category under partial observability.,active perception policy; tactile/visuotactile representation,"Tactile readings are sensor features rather than gripper-object relational events. | Object mass, friction, compliance, and geometry are separable from the grasp family. | Contact observables reveal intrinsic object state rather than a quotient of state by probe. | The sensor stream is a sufficient statistic for object identity regardless of action. | Active perception chooses actions but assumes the object identity target is fixed.",formal equivalence classes induced by gripper-action observation channels; morphology-indexed object identity rather than embodiment-invariant labels; when tactile signatures are gripper-specific rather than object-intrinsic
82,Self-supervised 6D Object Pose Estimation for Robot Manipulation,2020,2020 IEEE International Conference on Robotics and Automation (ICRA),60.486,Choose robot interactions that reveal object state or category under partial observability.,active perception policy; pose/category-level perception,The sensor stream is a sufficient statistic for object identity regardless of action. | Active perception chooses actions but assumes the object identity target is fixed. | The object model need not represent unobservable equivalence classes.,formal equivalence classes induced by gripper-action observation channels; morphology-indexed object identity rather than embodiment-invariant labels
83,Local-HDP: Interactive open-ended 3D object category recognition in real-time robotic scenarios,2022,Robotics and Autonomous Systems,60.408,Choose robot interactions that reveal object state or category under partial observability.,active perception policy,The sensor stream is a sufficient statistic for object identity regardless of action. | Active perception chooses actions but assumes the object identity target is fixed. | The object model need not represent unobservable equivalence classes. | A category label is stable across changes in contact geometry. | Benchmark labels correspond to the distinctions a deployed gripper can observe.,formal equivalence classes induced by gripper-action observation channels; morphology-indexed object identity rather than embodiment-invariant labels
84,ASIMO: Agent-centric scene representation in multi-object manipulation,2025,The International Journal of Robotics Research,60.398,Choose robot interactions that reveal object state or category under partial observability.,active perception policy; object-centric latent world model; pose/category-level perception,The sensor stream is a sufficient statistic for object identity regardless of action. | Active perception chooses actions but assumes the object identity target is fixed. | The object model need not represent unobservable equivalence classes. | A single latent object embedding can serve all manipulation actions. | A learned representation that is invariant across embodiments is always beneficial.,formal equivalence classes induced by gripper-action observation channels; morphology-indexed object identity rather than embodiment-invariant labels
85,Scaling Object-centric Robotic Manipulation with Multimodal Object Identification,2024,2024 IEEE International Conference on Robotics and Automation (ICRA),60.102,Choose robot interactions that reveal object state or category under partial observability.,active perception policy; object-centric latent world model,The sensor stream is a sufficient statistic for object identity regardless of action. | Active perception chooses actions but assumes the object identity target is fixed. | The object model need not represent unobservable equivalence classes. | A single latent object embedding can serve all manipulation actions. | A learned representation that is invariant across embodiments is always beneficial.,formal equivalence classes induced by gripper-action observation channels; morphology-indexed object identity rather than embodiment-invariant labels
86,Object-Centric Kinodynamic Planning for Nonprehensile Robot Rearrangement Manipulation,2025,IEEE Transactions on Robotics,60.102,Choose robot interactions that reveal object state or category under partial observability.,active perception policy; object-centric latent world model,The sensor stream is a sufficient statistic for object identity regardless of action. | Active perception chooses actions but assumes the object identity target is fixed. | The object model need not represent unobservable equivalence classes. | A single latent object embedding can serve all manipulation actions. | A learned representation that is invariant across embodiments is always beneficial.,formal equivalence classes induced by gripper-action observation channels; morphology-indexed object identity rather than embodiment-invariant labels
87,"The KIT object models database: An object model database for object recognition, localization and manipulation in service robotics",2012,The International Journal of Robotics Research,60.067,Choose robot interactions that reveal object state or category under partial observability.,active perception policy,The sensor stream is a sufficient statistic for object identity regardless of action. | Active perception chooses actions but assumes the object identity target is fixed. | The object model need not represent unobservable equivalence classes. | A category label is stable across changes in contact geometry. | Benchmark labels correspond to the distinctions a deployed gripper can observe.,formal equivalence classes induced by gripper-action observation channels; morphology-indexed object identity rather than embodiment-invariant labels
88,Simultaneous Tactile Localization And Reconstruction of an Object During Robotic Manipulation,2021,2021 20th International Conference on Advanced Robotics (ICAR),59.954,Choose robot interactions that reveal object state or category under partial observability.,active perception policy; tactile/visuotactile representation,"Tactile readings are sensor features rather than gripper-object relational events. | Object mass, friction, compliance, and geometry are separable from the grasp family. | Contact observables reveal intrinsic object state rather than a quotient of state by probe. | The sensor stream is a sufficient statistic for object identity regardless of action. | Active perception chooses actions but assumes the object identity target is fixed.",formal equivalence classes induced by gripper-action observation channels; morphology-indexed object identity rather than embodiment-invariant labels; when tactile signatures are gripper-specific rather than object-intrinsic
89,Development of Tendon-Driven Continuum Robot with Visual Posture Sensing for Object Grasping,2025,Actuators,59.954,Predict or execute stable grasps and manipulation actions from object observations.,grasp synthesis or grasp quality model; robot learning control policy,"Object identity is independent of the robot hand or end-effector. | The gripper can be treated as an interchangeable actuator, not part of perception. | The same failure mode has the same semantic meaning for suction, pinch, and enveloping hands. | A category label is stable across changes in contact geometry. | Benchmark labels correspond to the distinctions a deployed gripper can observe.",formal equivalence classes induced by gripper-action observation channels; morphology-indexed object identity rather than embodiment-invariant labels
90,RGBManip: Monocular Image-based Robotic Manipulation through Active Object Pose Estimation,2024,2024 IEEE International Conference on Robotics and Automation (ICRA),59.908,Choose robot interactions that reveal object state or category under partial observability.,active perception policy; pose/category-level perception,The sensor stream is a sufficient statistic for object identity regardless of action. | Active perception chooses actions but assumes the object identity target is fixed. | The object model need not represent unobservable equivalence classes.,formal equivalence classes induced by gripper-action observation channels; morphology-indexed object identity rather than embodiment-invariant labels
91,Towel-Like Object Alignment with Human-Robot Cooperation and High-Speed Robotic Manipulation,2018,2018 IEEE International Conference on Robotics and Biomimetics (ROBIO),59.69,Choose robot interactions that reveal object state or category under partial observability.,active perception policy,The sensor stream is a sufficient statistic for object identity regardless of action. | Active perception chooses actions but assumes the object identity target is fixed. | The object model need not represent unobservable equivalence classes.,formal equivalence classes induced by gripper-action observation channels; morphology-indexed object identity rather than embodiment-invariant labels
92,Human grasp position estimation for human-robot cooperative object manipulation,2020,Robotics and Autonomous Systems,59.556,Choose robot interactions that reveal object state or category under partial observability.,active perception policy; grasp synthesis or grasp quality model,"Object identity is independent of the robot hand or end-effector. | The gripper can be treated as an interchangeable actuator, not part of perception. | The same failure mode has the same semantic meaning for suction, pinch, and enveloping hands. | The sensor stream is a sufficient statistic for object identity regardless of action. | Active perception chooses actions but assumes the object identity target is fixed.",formal equivalence classes induced by gripper-action observation channels; morphology-indexed object identity rather than embodiment-invariant labels
93,Haptic and visual perception in in-hand manipulation system,2015,2015 IEEE International Conference on Robotics and Biomimetics (ROBIO),59.556,Choose robot interactions that reveal object state or category under partial observability.,active perception policy; tactile/visuotactile representation,"Object identity is independent of the robot hand or end-effector. | The gripper can be treated as an interchangeable actuator, not part of perception. | The same failure mode has the same semantic meaning for suction, pinch, and enveloping hands. | Tactile readings are sensor features rather than gripper-object relational events. | Object mass, friction, compliance, and geometry are separable from the grasp family.",formal equivalence classes induced by gripper-action observation channels; morphology-indexed object identity rather than embodiment-invariant labels
94,Robotic Hands for Object Grasping and Manipulation,2022,Journal of the Robotics Society of Japan,59.5,Choose robot interactions that reveal object state or category under partial observability.,active perception policy; grasp synthesis or grasp quality model,"Object identity is independent of the robot hand or end-effector. | The gripper can be treated as an interchangeable actuator, not part of perception. | The same failure mode has the same semantic meaning for suction, pinch, and enveloping hands. | The sensor stream is a sufficient statistic for object identity regardless of action. | Active perception chooses actions but assumes the object identity target is fixed.",formal equivalence classes induced by gripper-action observation channels; morphology-indexed object identity rather than embodiment-invariant labels
95,Semantic labeling of 3D point clouds with object affordance for robot manipulation,2014,2014 IEEE International Conference on Robotics and Automation (ICRA),59.326,Choose robot interactions that reveal object state or category under partial observability.,active perception policy; affordance learning model,The sensor stream is a sufficient statistic for object identity regardless of action. | Active perception chooses actions but assumes the object identity target is fixed. | The object model need not represent unobservable equivalence classes. | Affordances are properties of objects alone rather than object-gripper-action triples. | Planning can consume object labels without knowing their gripper-conditioned validity.,formal equivalence classes induced by gripper-action observation channels; morphology-indexed object identity rather than embodiment-invariant labels; distinguishing affordance from identity when observables change
96,Task-Oriented Grasping Position Selection in Deformable Object Manipulation,2023,IEEE Robotics and Automation Letters,59.19,Choose robot interactions that reveal object state or category under partial observability.,active perception policy; grasp synthesis or grasp quality model; deformable/contact dynamics model,"Object identity is independent of the robot hand or end-effector. | The gripper can be treated as an interchangeable actuator, not part of perception. | The same failure mode has the same semantic meaning for suction, pinch, and enveloping hands. | The sensor stream is a sufficient statistic for object identity regardless of action. | Active perception chooses actions but assumes the object identity target is fixed.",formal equivalence classes induced by gripper-action observation channels; morphology-indexed object identity rather than embodiment-invariant labels
97,Slipping Control Algorithms for Object Manipulation with Sensorized Parallel Grippers,2018,2018 IEEE International Conference on Robotics and Automation (ICRA),58.925,Choose robot interactions that reveal object state or category under partial observability.,active perception policy; robot learning control policy,"Object identity is independent of the robot hand or end-effector. | The gripper can be treated as an interchangeable actuator, not part of perception. | The same failure mode has the same semantic meaning for suction, pinch, and enveloping hands. | The sensor stream is a sufficient statistic for object identity regardless of action. | Active perception chooses actions but assumes the object identity target is fixed.",formal equivalence classes induced by gripper-action observation channels; morphology-indexed object identity rather than embodiment-invariant labels
98,ReForm: A Robot Learning Sandbox for Deformable Linear Object Manipulation,2021,2021 IEEE International Conference on Robotics and Automation (ICRA),58.76,Choose robot interactions that reveal object state or category under partial observability.,active perception policy; deformable/contact dynamics model,The sensor stream is a sufficient statistic for object identity regardless of action. | Active perception chooses actions but assumes the object identity target is fixed. | The object model need not represent unobservable equivalence classes.,formal equivalence classes induced by gripper-action observation channels; morphology-indexed object identity rather than embodiment-invariant labels
99,Blind Grasp and Manipulation of a Rigid Object by a Pair of Robot Fingers with Soft Tips,2007,Proceedings 2007 IEEE International Conference on Robotics and Automation,58.558,Choose robot interactions that reveal object state or category under partial observability.,active perception policy; grasp synthesis or grasp quality model,"Object identity is independent of the robot hand or end-effector. | The gripper can be treated as an interchangeable actuator, not part of perception. | The same failure mode has the same semantic meaning for suction, pinch, and enveloping hands. | The sensor stream is a sufficient statistic for object identity regardless of action. | Active perception chooses actions but assumes the object identity target is fixed.",formal equivalence classes induced by gripper-action observation channels; morphology-indexed object identity rather than embodiment-invariant labels
100,Whole-body pushing manipulation with contact posture planning of large and heavy object for humanoid robot,2015,2015 IEEE International Conference on Robotics and Automation (ICRA),58.512,Choose robot interactions that reveal object state or category under partial observability.,active perception policy,"Tactile readings are sensor features rather than gripper-object relational events. | Object mass, friction, compliance, and geometry are separable from the grasp family. | Contact observables reveal intrinsic object state rather than a quotient of state by probe. | The sensor stream is a sufficient statistic for object identity regardless of action. | Active perception chooses actions but assumes the object identity target is fixed.",formal equivalence classes induced by gripper-action observation channels; morphology-indexed object identity rather than embodiment-invariant labels
101,Closed Loop Interactive Embodied Reasoning for Robot Manipulation,2025,2025 IEEE International Conference on Robotics and Automation (ICRA),58.5,Choose robot interactions that reveal object state or category under partial observability.,active perception policy,The sensor stream is a sufficient statistic for object identity regardless of action. | Active perception chooses actions but assumes the object identity target is fixed. | The object model need not represent unobservable equivalence classes.,formal equivalence classes induced by gripper-action observation channels; morphology-indexed object identity rather than embodiment-invariant labels
102,Skill generalization of tubular object manipulation with tactile sensing and Sim2Real learning,2023,Robotics and Autonomous Systems,58.483,Choose robot interactions that reveal object state or category under partial observability.,active perception policy; tactile/visuotactile representation,"Tactile readings are sensor features rather than gripper-object relational events. | Object mass, friction, compliance, and geometry are separable from the grasp family. | Contact observables reveal intrinsic object state rather than a quotient of state by probe. | The sensor stream is a sufficient statistic for object identity regardless of action. | Active perception chooses actions but assumes the object identity target is fixed.",formal equivalence classes induced by gripper-action observation channels; morphology-indexed object identity rather than embodiment-invariant labels; when tactile signatures are gripper-specific rather than object-intrinsic
103,Learning Sim-to-Real Dense Object Descriptors for Robotic Manipulation,2023,2023 IEEE International Conference on Robotics and Automation (ICRA),58.454,Choose robot interactions that reveal object state or category under partial observability.,active perception policy; sim-to-real or domain adaptation,"The sensor stream is a sufficient statistic for object identity regardless of action. | Active perception chooses actions but assumes the object identity target is fixed. | The object model need not represent unobservable equivalence classes. | Training and deployment grippers induce comparable observation channels. | Sim-to-real gaps mainly concern physics parameters, not identity partitions.",formal equivalence classes induced by gripper-action observation channels; morphology-indexed object identity rather than embodiment-invariant labels
104,Object-Level Impedance Control for Dexterous In-Hand Manipulation,2020,IEEE Robotics and Automation Letters,58.38,Choose robot interactions that reveal object state or category under partial observability.,active perception policy; robot learning control policy,"Object identity is independent of the robot hand or end-effector. | The gripper can be treated as an interchangeable actuator, not part of perception. | The same failure mode has the same semantic meaning for suction, pinch, and enveloping hands. | The sensor stream is a sufficient statistic for object identity regardless of action. | Active perception chooses actions but assumes the object identity target is fixed.",formal equivalence classes induced by gripper-action observation channels; morphology-indexed object identity rather than embodiment-invariant labels
105,Perception-Intention-Action Cycle in Human-Robot Collaborative Tasks: The Collaborative Lightweight Object Transportation Use-Case,2025,International Journal of Social Robotics,58.228,Choose robot interactions that reveal object state or category under partial observability.,active perception policy; pose/category-level perception,The sensor stream is a sufficient statistic for object identity regardless of action. | Active perception chooses actions but assumes the object identity target is fixed. | The object model need not represent unobservable equivalence classes.,formal equivalence classes induced by gripper-action observation channels; morphology-indexed object identity rather than embodiment-invariant labels
106,Robust tactile object recognition in open-set scenarios using Gaussian prototype learning,2022,Frontiers in Neuroscience,58.204,"Use contact/touch signals to recognize, localize, or manipulate objects when vision is incomplete.",tactile/visuotactile representation; grasp synthesis or grasp quality model; object-centric latent world model,"Object identity is independent of the robot hand or end-effector. | The gripper can be treated as an interchangeable actuator, not part of perception. | The same failure mode has the same semantic meaning for suction, pinch, and enveloping hands. | Tactile readings are sensor features rather than gripper-object relational events. | Object mass, friction, compliance, and geometry are separable from the grasp family.",formal equivalence classes induced by gripper-action observation channels; morphology-indexed object identity rather than embodiment-invariant labels; mechanistic demonstration beyond benchmark score changes
107,Design and implementation of robot assisted arduino based object recognition and sorting,2023,i-manager's Journal on Embedded Systems,58.204,"Use contact/touch signals to recognize, localize, or manipulate objects when vision is incomplete.",tactile/visuotactile representation; grasp synthesis or grasp quality model; robot learning control policy,"Object identity is independent of the robot hand or end-effector. | The gripper can be treated as an interchangeable actuator, not part of perception. | The same failure mode has the same semantic meaning for suction, pinch, and enveloping hands. | Tactile readings are sensor features rather than gripper-object relational events. | Object mass, friction, compliance, and geometry are separable from the grasp family.",formal equivalence classes induced by gripper-action observation channels; morphology-indexed object identity rather than embodiment-invariant labels; when tactile signatures are gripper-specific rather than object-intrinsic
108,Enhancing Robot Perception in Grasping and Dexterous Manipulation through Crowdsourcing and Gamification,2021,2021 IEEE International Conference on Robotics and Automation (ICRA),58.0,Choose robot interactions that reveal object state or category under partial observability.,active perception policy; grasp synthesis or grasp quality model,"Object identity is independent of the robot hand or end-effector. | The gripper can be treated as an interchangeable actuator, not part of perception. | The same failure mode has the same semantic meaning for suction, pinch, and enveloping hands. | The sensor stream is a sufficient statistic for object identity regardless of action. | Active perception chooses actions but assumes the object identity target is fixed.",formal equivalence classes induced by gripper-action observation channels; morphology-indexed object identity rather than embodiment-invariant labels
109,Enhanced robotic tactile perception with spatiotemporal sensing and logical reasoning for robust object recognition,2024,Applied Physics Reviews,57.908,"Use contact/touch signals to recognize, localize, or manipulate objects when vision is incomplete.",tactile/visuotactile representation; grasp synthesis or grasp quality model; pose/category-level perception,"Object identity is independent of the robot hand or end-effector. | The gripper can be treated as an interchangeable actuator, not part of perception. | The same failure mode has the same semantic meaning for suction, pinch, and enveloping hands. | Tactile readings are sensor features rather than gripper-object relational events. | Object mass, friction, compliance, and geometry are separable from the grasp family.",formal equivalence classes induced by gripper-action observation channels; morphology-indexed object identity rather than embodiment-invariant labels; when tactile signatures are gripper-specific rather than object-intrinsic
110,Towards Industry 4.0: Color-Based Object Sorting Using a Robot Arm and Real-Time Object Detection,2023,Industrial Management Advances,57.908,Improve robot perception or manipulation under incomplete observations.,deformable/contact dynamics model,"Object identity is independent of the robot hand or end-effector. | The gripper can be treated as an interchangeable actuator, not part of perception. | The same failure mode has the same semantic meaning for suction, pinch, and enveloping hands. | A category label is stable across changes in contact geometry. | Benchmark labels correspond to the distinctions a deployed gripper can observe.",formal equivalence classes induced by gripper-action observation channels; morphology-indexed object identity rather than embodiment-invariant labels
111,Interactive Learning of Physical Object Properties Through Robot Manipulation and Database of Object Measurements,2024,2024 IEEE/RSJ International Conference on Intelligent Robots and Systems (IROS),57.898,Choose robot interactions that reveal object state or category under partial observability.,active perception policy; deformable/contact dynamics model,The sensor stream is a sufficient statistic for object identity regardless of action. | Active perception chooses actions but assumes the object identity target is fixed. | The object model need not represent unobservable equivalence classes.,formal equivalence classes induced by gripper-action observation channels; morphology-indexed object identity rather than embodiment-invariant labels
112,A robotic vision system for object identification and manipulation using synergetic pattern recognition,1993,Robotics and Computer-Integrated Manufacturing,57.644,Choose robot interactions that reveal object state or category under partial observability.,active perception policy,The sensor stream is a sufficient statistic for object identity regardless of action. | Active perception chooses actions but assumes the object identity target is fixed. | The object model need not represent unobservable equivalence classes. | A category label is stable across changes in contact geometry. | Benchmark labels correspond to the distinctions a deployed gripper can observe.,formal equivalence classes induced by gripper-action observation channels; morphology-indexed object identity rather than embodiment-invariant labels
113,Global planning of whole-body manipulation by humanoid robot based on transition graph of object motion and contact switching,2017,Advanced Robotics,57.511,Choose robot interactions that reveal object state or category under partial observability.,active perception policy,"Tactile readings are sensor features rather than gripper-object relational events. | Object mass, friction, compliance, and geometry are separable from the grasp family. | Contact observables reveal intrinsic object state rather than a quotient of state by probe. | The sensor stream is a sufficient statistic for object identity regardless of action. | Active perception chooses actions but assumes the object identity target is fixed.",formal equivalence classes induced by gripper-action observation channels; morphology-indexed object identity rather than embodiment-invariant labels
114,Translucent Object Dataset and Automated 6D Pose Annotation Method for Robotic Manipulation,2025,"2025 11th International Conference on Automation, Robotics, and Applications (ICARA)",57.5,Choose robot interactions that reveal object state or category under partial observability.,active perception policy; pose/category-level perception,The sensor stream is a sufficient statistic for object identity regardless of action. | Active perception chooses actions but assumes the object identity target is fixed. | The object model need not represent unobservable equivalence classes.,formal equivalence classes induced by gripper-action observation channels; morphology-indexed object identity rather than embodiment-invariant labels
115,Multi-Robot Coordination and Simulation for Branched Deformable Linear Object Manipulation,2025,"2025 5th International Conference on Robotics, Automation, and Artificial Intelligence (RAAI)",57.5,Choose robot interactions that reveal object state or category under partial observability.,active perception policy; deformable/contact dynamics model,The sensor stream is a sufficient statistic for object identity regardless of action. | Active perception chooses actions but assumes the object identity target is fixed. | The object model need not represent unobservable equivalence classes.,formal equivalence classes induced by gripper-action observation channels; morphology-indexed object identity rather than embodiment-invariant labels
116,"EMG Based Decoding of Object Motion in Dexterous, In-Hand Manipulation Tasks",2018,2018 7th IEEE International Conference on Biomedical Robotics and Biomechatronics (Biorob),57.461,Choose robot interactions that reveal object state or category under partial observability.,active perception policy,"Object identity is independent of the robot hand or end-effector. | The gripper can be treated as an interchangeable actuator, not part of perception. | The same failure mode has the same semantic meaning for suction, pinch, and enveloping hands. | The sensor stream is a sufficient statistic for object identity regardless of action. | Active perception chooses actions but assumes the object identity target is fixed.",formal equivalence classes induced by gripper-action observation channels; morphology-indexed object identity rather than embodiment-invariant labels
117,6-DOF Grasping for Target-driven Object Manipulation in Clutter,2020,2020 IEEE International Conference on Robotics and Automation (ICRA),57.451,Choose robot interactions that reveal object state or category under partial observability.,active perception policy; grasp synthesis or grasp quality model; pose/category-level perception,"Object identity is independent of the robot hand or end-effector. | The gripper can be treated as an interchangeable actuator, not part of perception. | The same failure mode has the same semantic meaning for suction, pinch, and enveloping hands. | The sensor stream is a sufficient statistic for object identity regardless of action. | Active perception chooses actions but assumes the object identity target is fixed.",formal equivalence classes induced by gripper-action observation channels; morphology-indexed object identity rather than embodiment-invariant labels
118,SimLiquid: A SimulationBased Liquid Perception Pipeline for Robot Liquid Manipulation,2025,Journal of Field Robotics,57.398,Choose robot interactions that reveal object state or category under partial observability.,active perception policy; pose/category-level perception; sim-to-real or domain adaptation,The sensor stream is a sufficient statistic for object identity regardless of action. | Active perception chooses actions but assumes the object identity target is fixed. | The object model need not represent unobservable equivalence classes.,formal equivalence classes induced by gripper-action observation channels; morphology-indexed object identity rather than embodiment-invariant labels
119,Tactile-Filter: Interactive Tactile Perception for Part Mating,2023,Robotics: Science and Systems XIX,57.19,Choose robot interactions that reveal object state or category under partial observability.,active perception policy; tactile/visuotactile representation,"Tactile readings are sensor features rather than gripper-object relational events. | Object mass, friction, compliance, and geometry are separable from the grasp family. | Contact observables reveal intrinsic object state rather than a quotient of state by probe. | The sensor stream is a sufficient statistic for object identity regardless of action. | Active perception chooses actions but assumes the object identity target is fixed.",formal equivalence classes induced by gripper-action observation channels; morphology-indexed object identity rather than embodiment-invariant labels; when tactile signatures are gripper-specific rather than object-intrinsic
120,Enhancing Perception with Tactile Object Recognition in Adaptive Grippers for Human-Robot Interaction,2018,Sensors,57.085,"Use contact/touch signals to recognize, localize, or manipulate objects when vision is incomplete.",tactile/visuotactile representation; pose/category-level perception; soft/suction gripper mechanism,"Object identity is independent of the robot hand or end-effector. | The gripper can be treated as an interchangeable actuator, not part of perception. | The same failure mode has the same semantic meaning for suction, pinch, and enveloping hands. | Tactile readings are sensor features rather than gripper-object relational events. | Object mass, friction, compliance, and geometry are separable from the grasp family.",formal equivalence classes induced by gripper-action observation channels; morphology-indexed object identity rather than embodiment-invariant labels; when tactile signatures are gripper-specific rather than object-intrinsic
121,Align-to-Scale: Mode Switching Technique for Unimanual 3D Object Manipulation with Gaze-Hand-Object Alignment in Extended Reality,2026,Proceedings of the ACM on Computer Graphics and Interactive Techniques,57.0,Choose robot interactions that reveal object state or category under partial observability.,active perception policy; pose/category-level perception,"Object identity is independent of the robot hand or end-effector. | The gripper can be treated as an interchangeable actuator, not part of perception. | The same failure mode has the same semantic meaning for suction, pinch, and enveloping hands. | The sensor stream is a sufficient statistic for object identity regardless of action. | Active perception chooses actions but assumes the object identity target is fixed.",formal equivalence classes induced by gripper-action observation channels; morphology-indexed object identity rather than embodiment-invariant labels
122,The State of Lifelong Learning in Service Robots:,2021,Journal of Intelligent &amp; Robotic Systems,56.961,Predict or execute stable grasps and manipulation actions from object observations.,grasp synthesis or grasp quality model; affordance learning model; deformable/contact dynamics model,"Object identity is independent of the robot hand or end-effector. | The gripper can be treated as an interchangeable actuator, not part of perception. | The same failure mode has the same semantic meaning for suction, pinch, and enveloping hands. | Affordances are properties of objects alone rather than object-gripper-action triples. | Planning can consume object labels without knowing their gripper-conditioned validity.",formal equivalence classes induced by gripper-action observation channels; morphology-indexed object identity rather than embodiment-invariant labels; distinguishing affordance from identity when observables change
123,"""Push-That-There"": Tabletop Multi-robot Object Manipulation via Multimodal 'Object-level Instruction'",2024,Designing Interactive Systems Conference,56.852,Choose robot interactions that reveal object state or category under partial observability.,active perception policy,The sensor stream is a sufficient statistic for object identity regardless of action. | Active perception chooses actions but assumes the object identity target is fixed. | The object model need not represent unobservable equivalence classes.,formal equivalence classes induced by gripper-action observation channels; morphology-indexed object identity rather than embodiment-invariant labels
124,Uncertainty-Aware Haptic Shared Control With Humanoid Robots for Flexible Object Manipulation,2023,IEEE Robotics and Automation Letters,56.852,Choose robot interactions that reveal object state or category under partial observability.,active perception policy; tactile/visuotactile representation; robot learning control policy,"Tactile readings are sensor features rather than gripper-object relational events. | Object mass, friction, compliance, and geometry are separable from the grasp family. | Contact observables reveal intrinsic object state rather than a quotient of state by probe. | The sensor stream is a sufficient statistic for object identity regardless of action. | Active perception chooses actions but assumes the object identity target is fixed.",formal equivalence classes induced by gripper-action observation channels; morphology-indexed object identity rather than embodiment-invariant labels
125,Improving human robot collaboration through Force/Torque based learning for object manipulation,2021,Robotics and Computer-Integrated Manufacturing,56.703,Choose robot interactions that reveal object state or category under partial observability.,active perception policy,The sensor stream is a sufficient statistic for object identity regardless of action. | Active perception chooses actions but assumes the object identity target is fixed. | The object model need not represent unobservable equivalence classes.,formal equivalence classes induced by gripper-action observation channels; morphology-indexed object identity rather than embodiment-invariant labels
126,Dynamic object manipulation using a virtual frame by a triple soft-fingered robotic hand,2010,2010 IEEE International Conference on Robotics and Automation,56.69,Choose robot interactions that reveal object state or category under partial observability.,active perception policy,"Object identity is independent of the robot hand or end-effector. | The gripper can be treated as an interchangeable actuator, not part of perception. | The same failure mode has the same semantic meaning for suction, pinch, and enveloping hands. | The sensor stream is a sufficient statistic for object identity regardless of action. | Active perception chooses actions but assumes the object identity target is fixed.",formal equivalence classes induced by gripper-action observation channels; morphology-indexed object identity rather than embodiment-invariant labels
127,Online Object Model Reconstruction and Reuse for Lifelong Improvement of Robot Manipulation,2022,2022 International Conference on Robotics and Automation (ICRA),56.658,Choose robot interactions that reveal object state or category under partial observability.,active perception policy,The sensor stream is a sufficient statistic for object identity regardless of action. | Active perception chooses actions but assumes the object identity target is fixed. | The object model need not represent unobservable equivalence classes.,formal equivalence classes induced by gripper-action observation channels; morphology-indexed object identity rather than embodiment-invariant labels
128,Robotic object grasping in context of human grasping and manipulation,2013,"2013 6th IEEE Conference on Robotics, Automation and Mechatronics (RAM)",56.602,Choose robot interactions that reveal object state or category under partial observability.,active perception policy; grasp synthesis or grasp quality model,"Object identity is independent of the robot hand or end-effector. | The gripper can be treated as an interchangeable actuator, not part of perception. | The same failure mode has the same semantic meaning for suction, pinch, and enveloping hands. | The sensor stream is a sufficient statistic for object identity regardless of action. | Active perception chooses actions but assumes the object identity target is fixed.",formal equivalence classes induced by gripper-action observation channels; morphology-indexed object identity rather than embodiment-invariant labels
129,Haptic Object Parameter Estimation during Within-Hand- Manipulation with a Simple Robot Gripper,2020,2020 IEEE Haptics Symposium (HAPTICS),56.556,"Use contact/touch signals to recognize, localize, or manipulate objects when vision is incomplete.",tactile/visuotactile representation,"Object identity is independent of the robot hand or end-effector. | The gripper can be treated as an interchangeable actuator, not part of perception. | The same failure mode has the same semantic meaning for suction, pinch, and enveloping hands. | Tactile readings are sensor features rather than gripper-object relational events. | Object mass, friction, compliance, and geometry are separable from the grasp family.",formal equivalence classes induced by gripper-action observation channels; morphology-indexed object identity rather than embodiment-invariant labels
130,A dataset of daily interactive manipulation,2019,The International Journal of Robotics Research,56.51,Choose robot interactions that reveal object state or category under partial observability.,active perception policy,The sensor stream is a sufficient statistic for object identity regardless of action. | Active perception chooses actions but assumes the object identity target is fixed. | The object model need not represent unobservable equivalence classes.,formal equivalence classes induced by gripper-action observation channels; morphology-indexed object identity rather than embodiment-invariant labels
131,Force-Based Simultaneous Mapping and Object Reconstruction for Robotic Manipulation,2022,IEEE Robotics and Automation Letters,56.5,Choose robot interactions that reveal object state or category under partial observability.,active perception policy,The sensor stream is a sufficient statistic for object identity regardless of action. | Active perception chooses actions but assumes the object identity target is fixed. | The object model need not represent unobservable equivalence classes.,formal equivalence classes induced by gripper-action observation channels; morphology-indexed object identity rather than embodiment-invariant labels
132,Decentralized Multi-Robot Teams Using Wheeled Manipulation for Object Transportation,2012,"Volume 4: 36th Mechanisms and Robotics Conference, Parts A and B",56.5,Choose robot interactions that reveal object state or category under partial observability.,active perception policy,The sensor stream is a sufficient statistic for object identity regardless of action. | Active perception chooses actions but assumes the object identity target is fixed. | The object model need not represent unobservable equivalence classes.,formal equivalence classes induced by gripper-action observation channels; morphology-indexed object identity rather than embodiment-invariant labels
133,Picking by Tilting: In-Hand Manipulation for Object Picking using Effector with Curved Form,2023,2023 IEEE International Conference on Robotics and Automation (ICRA),56.5,Choose robot interactions that reveal object state or category under partial observability.,active perception policy,"Object identity is independent of the robot hand or end-effector. | The gripper can be treated as an interchangeable actuator, not part of perception. | The same failure mode has the same semantic meaning for suction, pinch, and enveloping hands. | The sensor stream is a sufficient statistic for object identity regardless of action. | Active perception chooses actions but assumes the object identity target is fixed.",formal equivalence classes induced by gripper-action observation channels; morphology-indexed object identity rather than embodiment-invariant labels
134,Visuo-Tactile Based Predictive Cross Modal Perception for Object Exploration in Robotics,2024,2024 IEEE International Symposium on Robotic and Sensors Environments (ROSE),56.454,Choose robot interactions that reveal object state or category under partial observability.,active perception policy; tactile/visuotactile representation,"Tactile readings are sensor features rather than gripper-object relational events. | Object mass, friction, compliance, and geometry are separable from the grasp family. | Contact observables reveal intrinsic object state rather than a quotient of state by probe. | The sensor stream is a sufficient statistic for object identity regardless of action. | Active perception chooses actions but assumes the object identity target is fixed.",formal equivalence classes induced by gripper-action observation channels; morphology-indexed object identity rather than embodiment-invariant labels; when tactile signatures are gripper-specific rather than object-intrinsic
135,POMDP Planning Under Object Composition Uncertainty: Application to Robotic Manipulation,2023,IEEE Transactions on Robotics,56.408,Choose robot interactions that reveal object state or category under partial observability.,active perception policy,The sensor stream is a sufficient statistic for object identity regardless of action. | Active perception chooses actions but assumes the object identity target is fixed. | The object model need not represent unobservable equivalence classes.,formal equivalence classes induced by gripper-action observation channels; morphology-indexed object identity rather than embodiment-invariant labels
136,Natural Language Instruction Understanding for Robotic Manipulation: a Multisensory Perception Approach,2023,2023 IEEE International Conference on Robotics and Automation (ICRA),56.408,Choose robot interactions that reveal object state or category under partial observability.,active perception policy,The sensor stream is a sufficient statistic for object identity regardless of action. | Active perception chooses actions but assumes the object identity target is fixed. | The object model need not represent unobservable equivalence classes.,formal equivalence classes induced by gripper-action observation channels; morphology-indexed object identity rather than embodiment-invariant labels
137,Contact-Rich Manipulation of a Flexible Object based on Deep Predictive Learning using Vision and Tactility,2022,2022 International Conference on Robotics and Automation (ICRA),56.363,Choose robot interactions that reveal object state or category under partial observability.,active perception policy,"Tactile readings are sensor features rather than gripper-object relational events. | Object mass, friction, compliance, and geometry are separable from the grasp family. | Contact observables reveal intrinsic object state rather than a quotient of state by probe. | The sensor stream is a sufficient statistic for object identity regardless of action. | Active perception chooses actions but assumes the object identity target is fixed.",formal equivalence classes induced by gripper-action observation channels; morphology-indexed object identity rather than embodiment-invariant labels
138,Optimal Pose and Shape Estimation for Category-level 3D Object Perception,2021,Robotics: Science and Systems XVII,56.352,Choose robot interactions that reveal object state or category under partial observability.,active perception policy; pose/category-level perception,The sensor stream is a sufficient statistic for object identity regardless of action. | Active perception chooses actions but assumes the object identity target is fixed. | The object model need not represent unobservable equivalence classes. | A category label is stable across changes in contact geometry. | Benchmark labels correspond to the distinctions a deployed gripper can observe.,formal equivalence classes induced by gripper-action observation channels; morphology-indexed object identity rather than embodiment-invariant labels
139,Constraint-Aware Intent Estimation for Dynamic Human-Robot Object Co-Manipulation,2024,Robotics: Science and Systems XX,56.306,Choose robot interactions that reveal object state or category under partial observability.,active perception policy,The sensor stream is a sufficient statistic for object identity regardless of action. | Active perception chooses actions but assumes the object identity target is fixed. | The object model need not represent unobservable equivalence classes.,formal equivalence classes induced by gripper-action observation channels; morphology-indexed object identity rather than embodiment-invariant labels
140,Non-grasp manipulation of deformable object by using pizza handling mechanism,2009,2009 IEEE International Conference on Robotics and Automation,56.292,Choose robot interactions that reveal object state or category under partial observability.,active perception policy; grasp synthesis or grasp quality model; deformable/contact dynamics model,"Object identity is independent of the robot hand or end-effector. | The gripper can be treated as an interchangeable actuator, not part of perception. | The same failure mode has the same semantic meaning for suction, pinch, and enveloping hands. | The sensor stream is a sufficient statistic for object identity regardless of action. | Active perception chooses actions but assumes the object identity target is fixed.",formal equivalence classes induced by gripper-action observation channels; morphology-indexed object identity rather than embodiment-invariant labels
141,Precision object manipulation with a multifingered robot hand,1998,IEEE Transactions on Robotics and Automation,56.287,Choose robot interactions that reveal object state or category under partial observability.,active perception policy,"Object identity is independent of the robot hand or end-effector. | The gripper can be treated as an interchangeable actuator, not part of perception. | The same failure mode has the same semantic meaning for suction, pinch, and enveloping hands. | The sensor stream is a sufficient statistic for object identity regardless of action. | Active perception chooses actions but assumes the object identity target is fixed.",formal equivalence classes induced by gripper-action observation channels; morphology-indexed object identity rather than embodiment-invariant labels
142,Contextual-Semantic Interactive Perception Network for Small Object Detection in UAV Aerial Images,2025,Remote Sensing,56.204,Choose robot interactions that reveal object state or category under partial observability.,active perception policy; object-centric latent world model; pose/category-level perception,The sensor stream is a sufficient statistic for object identity regardless of action. | Active perception chooses actions but assumes the object identity target is fixed. | The object model need not represent unobservable equivalence classes. | A single latent object embedding can serve all manipulation actions. | A learned representation that is invariant across embodiments is always beneficial.,formal equivalence classes induced by gripper-action observation channels; morphology-indexed object identity rather than embodiment-invariant labels
143,Where to relocate?: Object rearrangement inside cluttered and confined environments for robotic manipulation,2020,2020 IEEE International Conference on Robotics and Automation (ICRA),56.16,Choose robot interactions that reveal object state or category under partial observability.,active perception policy,The sensor stream is a sufficient statistic for object identity regardless of action. | Active perception chooses actions but assumes the object identity target is fixed. | The object model need not represent unobservable equivalence classes.,formal equivalence classes induced by gripper-action observation channels; morphology-indexed object identity rather than embodiment-invariant labels
144,Three-Dimensional Object Recognition and Registration for Robotic Grasping Systems Using a Modified Viewpoint Feature Histogram,2016,Sensors,56.144,Predict or execute stable grasps and manipulation actions from object observations.,grasp synthesis or grasp quality model; pose/category-level perception,"Object identity is independent of the robot hand or end-effector. | The gripper can be treated as an interchangeable actuator, not part of perception. | The same failure mode has the same semantic meaning for suction, pinch, and enveloping hands. | A category label is stable across changes in contact geometry. | Benchmark labels correspond to the distinctions a deployed gripper can observe.",formal equivalence classes induced by gripper-action observation channels; morphology-indexed object identity rather than embodiment-invariant labels
145,Planning in-hand object manipulation with multifingered hands considering task constraints,2013,2013 IEEE International Conference on Robotics and Automation,56.113,Choose robot interactions that reveal object state or category under partial observability.,active perception policy,"Object identity is independent of the robot hand or end-effector. | The gripper can be treated as an interchangeable actuator, not part of perception. | The same failure mode has the same semantic meaning for suction, pinch, and enveloping hands. | The sensor stream is a sufficient statistic for object identity regardless of action. | Active perception chooses actions but assumes the object identity target is fixed.",formal equivalence classes induced by gripper-action observation channels; morphology-indexed object identity rather than embodiment-invariant labels
146,Human Interface for Teleoperated Object Manipulation with a Soft Growing Robot,2020,2020 IEEE International Conference on Robotics and Automation (ICRA),56.113,Choose robot interactions that reveal object state or category under partial observability.,active perception policy,The sensor stream is a sufficient statistic for object identity regardless of action. | Active perception chooses actions but assumes the object identity target is fixed. | The object model need not represent unobservable equivalence classes.,formal equivalence classes induced by gripper-action observation channels; morphology-indexed object identity rather than embodiment-invariant labels
147,Passivity-based target manipulation inside a deformable object by a robotic system with noncollocated feedback,2013,Advanced Robotics,56.083,Choose robot interactions that reveal object state or category under partial observability.,active perception policy; deformable/contact dynamics model,The sensor stream is a sufficient statistic for object identity regardless of action. | Active perception chooses actions but assumes the object identity target is fixed. | The object model need not represent unobservable equivalence classes.,formal equivalence classes induced by gripper-action observation channels; morphology-indexed object identity rather than embodiment-invariant labels
148,Efficient and Robust Training of Dense Object Nets for Multi-Object Robot Manipulation,2022,2022 International Conference on Robotics and Automation (ICRA),56.056,Choose robot interactions that reveal object state or category under partial observability.,active perception policy,The sensor stream is a sufficient statistic for object identity regardless of action. | Active perception chooses actions but assumes the object identity target is fixed. | The object model need not represent unobservable equivalence classes.,formal equivalence classes induced by gripper-action observation channels; morphology-indexed object identity rather than embodiment-invariant labels
149,Decoupling Skill Learning from Robotic Control for Generalizable Object Manipulation,2023,2023 IEEE International Conference on Robotics and Automation (ICRA),56.056,Choose robot interactions that reveal object state or category under partial observability.,active perception policy; robot learning control policy,The sensor stream is a sufficient statistic for object identity regardless of action. | Active perception chooses actions but assumes the object identity target is fixed. | The object model need not represent unobservable equivalence classes.,formal equivalence classes induced by gripper-action observation channels; morphology-indexed object identity rather than embodiment-invariant labels
150,A Deep Reinforcement Learning Environment for Particle Robot Navigation and Object Manipulation,2022,2022 International Conference on Robotics and Automation (ICRA),56.056,Choose robot interactions that reveal object state or category under partial observability.,active perception policy; robot learning control policy,The sensor stream is a sufficient statistic for object identity regardless of action. | Active perception chooses actions but assumes the object identity target is fixed. | The object model need not represent unobservable equivalence classes.,formal equivalence classes induced by gripper-action observation channels; morphology-indexed object identity rather than embodiment-invariant labels
151,Specialised Robotic Hand Designing and Object Grasping Simulation,2013,Applied Mechanics and Materials,56.056,Predict or execute stable grasps and manipulation actions from object observations.,grasp synthesis or grasp quality model,"Object identity is independent of the robot hand or end-effector. | The gripper can be treated as an interchangeable actuator, not part of perception. | The same failure mode has the same semantic meaning for suction, pinch, and enveloping hands. | A category label is stable across changes in contact geometry. | Benchmark labels correspond to the distinctions a deployed gripper can observe.",formal equivalence classes induced by gripper-action observation channels; morphology-indexed object identity rather than embodiment-invariant labels
152,Learning to Assemble: Estimating 6D Poses for Robotic Object-Object Manipulation,2020,IEEE Robotics and Automation Letters,56.037,Choose robot interactions that reveal object state or category under partial observability.,active perception policy; pose/category-level perception,The sensor stream is a sufficient statistic for object identity regardless of action. | Active perception chooses actions but assumes the object identity target is fixed. | The object model need not represent unobservable equivalence classes.,formal equivalence classes induced by gripper-action observation channels; morphology-indexed object identity rather than embodiment-invariant labels
153,Calibrating intuitive and natural human-robot interaction and performance for power-assisted heavy object manipulation using cognition-based intelligent admittance control schemes,2018,International Journal of Advanced Robotic Systems,55.961,Estimate object pose/category state for downstream manipulation.,pose/category-level perception; robot learning control policy,A category label is stable across changes in contact geometry. | Benchmark labels correspond to the distinctions a deployed gripper can observe.,formal equivalence classes induced by gripper-action observation channels; morphology-indexed object identity rather than embodiment-invariant labels
154,Robot-object contact perception using symbolic temporal pattern learning,2014,2014 IEEE International Conference on Robotics and Automation (ICRA),55.954,Choose robot interactions that reveal object state or category under partial observability.,active perception policy,"Tactile readings are sensor features rather than gripper-object relational events. | Object mass, friction, compliance, and geometry are separable from the grasp family. | Contact observables reveal intrinsic object state rather than a quotient of state by probe. | The sensor stream is a sufficient statistic for object identity regardless of action. | Active perception chooses actions but assumes the object identity target is fixed.",formal equivalence classes induced by gripper-action observation channels; morphology-indexed object identity rather than embodiment-invariant labels
155,Linear Time-Varying MPC for Nonprehensile Object Manipulation with a Nonholonomic Mobile Robot,2020,2020 IEEE International Conference on Robotics and Automation (ICRA),55.925,Choose robot interactions that reveal object state or category under partial observability.,active perception policy,The sensor stream is a sufficient statistic for object identity regardless of action. | Active perception chooses actions but assumes the object identity target is fixed. | The object model need not represent unobservable equivalence classes.,formal equivalence classes induced by gripper-action observation channels; morphology-indexed object identity rather than embodiment-invariant labels
156,Planning CollisionFree Reaching Motions for Interactive Object Manipulation and Grasping,2003,Computer Graphics Forum,55.915,Choose robot interactions that reveal object state or category under partial observability.,active perception policy; grasp synthesis or grasp quality model; pose/category-level perception,"Object identity is independent of the robot hand or end-effector. | The gripper can be treated as an interchangeable actuator, not part of perception. | The same failure mode has the same semantic meaning for suction, pinch, and enveloping hands. | The sensor stream is a sufficient statistic for object identity regardless of action. | Active perception chooses actions but assumes the object identity target is fixed.",formal equivalence classes induced by gripper-action observation channels; morphology-indexed object identity rather than embodiment-invariant labels
157,Learning where to trust unreliable models in an unstructured world for deformable object manipulation,2021,Science Robotics,55.898,Choose robot interactions that reveal object state or category under partial observability.,active perception policy; deformable/contact dynamics model,The sensor stream is a sufficient statistic for object identity regardless of action. | Active perception chooses actions but assumes the object identity target is fixed. | The object model need not represent unobservable equivalence classes.,formal equivalence classes induced by gripper-action observation channels; morphology-indexed object identity rather than embodiment-invariant labels
158,Recasting Generic Pretrained Vision Transformers As Object-Centric Scene Encoders For Manipulation Policies,2024,2024 IEEE International Conference on Robotics and Automation (ICRA),55.898,Choose robot interactions that reveal object state or category under partial observability.,active perception policy; object-centric latent world model,The sensor stream is a sufficient statistic for object identity regardless of action. | Active perception chooses actions but assumes the object identity target is fixed. | The object model need not represent unobservable equivalence classes. | A single latent object embedding can serve all manipulation actions. | A learned representation that is invariant across embodiments is always beneficial.,formal equivalence classes induced by gripper-action observation channels; morphology-indexed object identity rather than embodiment-invariant labels
159,From perception to precision: Vision-based mobile robotic manipulation for assembly screwdriving,2026,Robotics and Computer-Integrated Manufacturing,55.898,Choose robot interactions that reveal object state or category under partial observability.,active perception policy,The sensor stream is a sufficient statistic for object identity regardless of action. | Active perception chooses actions but assumes the object identity target is fixed. | The object model need not represent unobservable equivalence classes.,formal equivalence classes induced by gripper-action observation channels; morphology-indexed object identity rather than embodiment-invariant labels
160,Language-Guided Object-Centric Diffusion Policy for Generalizable and Collision-Aware Manipulation,2025,2025 IEEE International Conference on Robotics and Automation (ICRA),55.898,Choose robot interactions that reveal object state or category under partial observability.,active perception policy; object-centric latent world model; robot learning control policy,The sensor stream is a sufficient statistic for object identity regardless of action. | Active perception chooses actions but assumes the object identity target is fixed. | The object model need not represent unobservable equivalence classes. | A single latent object embedding can serve all manipulation actions. | A learned representation that is invariant across embodiments is always beneficial.,formal equivalence classes induced by gripper-action observation channels; morphology-indexed object identity rather than embodiment-invariant labels
161,Identification and active exploration of deformable object boundary constraints through robotic manipulation,2014,The International Journal of Robotics Research,55.792,Choose robot interactions that reveal object state or category under partial observability.,active perception policy; pose/category-level perception; deformable/contact dynamics model,The sensor stream is a sufficient statistic for object identity regardless of action. | Active perception chooses actions but assumes the object identity target is fixed. | The object model need not represent unobservable equivalence classes.,formal equivalence classes induced by gripper-action observation channels; morphology-indexed object identity rather than embodiment-invariant labels
162,High-Speed Tactile Sensing for Array-Type Tactile Sensor and Object Manipulation Based on Tactile Information,2011,Journal of Robotics,55.728,"Use contact/touch signals to recognize, localize, or manipulate objects when vision is incomplete.",tactile/visuotactile representation; grasp synthesis or grasp quality model; pose/category-level perception,"Object identity is independent of the robot hand or end-effector. | The gripper can be treated as an interchangeable actuator, not part of perception. | The same failure mode has the same semantic meaning for suction, pinch, and enveloping hands. | Tactile readings are sensor features rather than gripper-object relational events. | Object mass, friction, compliance, and geometry are separable from the grasp family.",formal equivalence classes induced by gripper-action observation channels; morphology-indexed object identity rather than embodiment-invariant labels; when tactile signatures are gripper-specific rather than object-intrinsic
163,MOSAIC: Learning Unified Multi-Sensory Object Property Representations for Robot Learning via Interactive Perception,2024,2024 IEEE International Conference on Robotics and Automation (ICRA),55.704,Choose robot interactions that reveal object state or category under partial observability.,active perception policy; object-centric latent world model; deformable/contact dynamics model,The sensor stream is a sufficient statistic for object identity regardless of action. | Active perception chooses actions but assumes the object identity target is fixed. | The object model need not represent unobservable equivalence classes.,formal equivalence classes induced by gripper-action observation channels; morphology-indexed object identity rather than embodiment-invariant labels
164,Online tangible robot programming: interactive automation method from teleoperation of manipulation task,2023,Advanced Robotics,55.704,Choose robot interactions that reveal object state or category under partial observability.,active perception policy,The sensor stream is a sufficient statistic for object identity regardless of action. | Active perception chooses actions but assumes the object identity target is fixed. | The object model need not represent unobservable equivalence classes.,formal equivalence classes induced by gripper-action observation channels; morphology-indexed object identity rather than embodiment-invariant labels
165,Accurate Robotic Pushing Manipulation Through Online Model Estimation Under Uncertain Object Properties,2024,IEEE Robotics and Automation Letters,55.704,Choose robot interactions that reveal object state or category under partial observability.,active perception policy; deformable/contact dynamics model,The sensor stream is a sufficient statistic for object identity regardless of action. | Active perception chooses actions but assumes the object identity target is fixed. | The object model need not represent unobservable equivalence classes.,formal equivalence classes induced by gripper-action observation channels; morphology-indexed object identity rather than embodiment-invariant labels
166,Distributional Treatment of Real2Sim2Real for Object-Centric Agent Adaptation in Vision-Driven DLO Manipulation,2025,IEEE Robotics and Automation Letters,55.704,Choose robot interactions that reveal object state or category under partial observability.,active perception policy; object-centric latent world model,The sensor stream is a sufficient statistic for object identity regardless of action. | Active perception chooses actions but assumes the object identity target is fixed. | The object model need not represent unobservable equivalence classes. | A single latent object embedding can serve all manipulation actions. | A learned representation that is invariant across embodiments is always beneficial.,formal equivalence classes induced by gripper-action observation channels; morphology-indexed object identity rather than embodiment-invariant labels
167,SkillMaN - A skill-based robotic manipulation framework based on perception and reasoning,2020,Robotics and Autonomous Systems,55.685,Choose robot interactions that reveal object state or category under partial observability.,active perception policy,The sensor stream is a sufficient statistic for object identity regardless of action. | Active perception chooses actions but assumes the object identity target is fixed. | The object model need not represent unobservable equivalence classes.,formal equivalence classes induced by gripper-action observation channels; morphology-indexed object identity rather than embodiment-invariant labels
168,Changes in body perception following virtual object manipulation are accompanied by changes of the internal reference scale,2023,Scientific Reports,55.602,Choose robot interactions that reveal object state or category under partial observability.,active perception policy; robot learning control policy,The sensor stream is a sufficient statistic for object identity regardless of action. | Active perception chooses actions but assumes the object identity target is fixed. | The object model need not represent unobservable equivalence classes.,formal equivalence classes induced by gripper-action observation channels; morphology-indexed object identity rather than embodiment-invariant labels
169,Learning Deformable Object Manipulation From Expert Demonstrations,2022,IEEE Robotics and Automation Letters,55.588,Choose robot interactions that reveal object state or category under partial observability.,active perception policy; deformable/contact dynamics model,The sensor stream is a sufficient statistic for object identity regardless of action. | Active perception chooses actions but assumes the object identity target is fixed. | The object model need not represent unobservable equivalence classes.,formal equivalence classes induced by gripper-action observation channels; morphology-indexed object identity rather than embodiment-invariant labels
170,External sensorless dynamic object manipulation by a dual soft-fingered robotic hand with torsional fingertip motion,2010,2010 IEEE International Conference on Robotics and Automation,55.558,Choose robot interactions that reveal object state or category under partial observability.,active perception policy,"Object identity is independent of the robot hand or end-effector. | The gripper can be treated as an interchangeable actuator, not part of perception. | The same failure mode has the same semantic meaning for suction, pinch, and enveloping hands. | The sensor stream is a sufficient statistic for object identity regardless of action. | Active perception chooses actions but assumes the object identity target is fixed.",formal equivalence classes induced by gripper-action observation channels; morphology-indexed object identity rather than embodiment-invariant labels
171,Robot Telekinesis: Application of a Unimanual and Bimanual Object Manipulation Technique to Robot Control,2020,2020 IEEE International Conference on Robotics and Automation (ICRA),55.558,Choose robot interactions that reveal object state or category under partial observability.,active perception policy; robot learning control policy,The sensor stream is a sufficient statistic for object identity regardless of action. | Active perception chooses actions but assumes the object identity target is fixed. | The object model need not represent unobservable equivalence classes.,formal equivalence classes induced by gripper-action observation channels; morphology-indexed object identity rather than embodiment-invariant labels
172,Interactive Tactile Perception for Classification of Novel Object Instances,2020,2020 IEEE/RSJ International Conference on Intelligent Robots and Systems (IROS),55.556,Choose robot interactions that reveal object state or category under partial observability.,active perception policy; tactile/visuotactile representation,"Tactile readings are sensor features rather than gripper-object relational events. | Object mass, friction, compliance, and geometry are separable from the grasp family. | Contact observables reveal intrinsic object state rather than a quotient of state by probe. | The sensor stream is a sufficient statistic for object identity regardless of action. | Active perception chooses actions but assumes the object identity target is fixed.",formal equivalence classes induced by gripper-action observation channels; morphology-indexed object identity rather than embodiment-invariant labels; when tactile signatures are gripper-specific rather than object-intrinsic
173,A self-supervised learning approach to acquire representation of concave object manipulation with sparse tactile sensing,2026,Robotics and Autonomous Systems,55.5,Choose robot interactions that reveal object state or category under partial observability.,active perception policy; tactile/visuotactile representation; object-centric latent world model,"Tactile readings are sensor features rather than gripper-object relational events. | Object mass, friction, compliance, and geometry are separable from the grasp family. | Contact observables reveal intrinsic object state rather than a quotient of state by probe. | The sensor stream is a sufficient statistic for object identity regardless of action. | Active perception chooses actions but assumes the object identity target is fixed.",formal equivalence classes induced by gripper-action observation channels; morphology-indexed object identity rather than embodiment-invariant labels; when tactile signatures are gripper-specific rather than object-intrinsic
174,An Open and Flexible Robot Perception Framework for Mobile Manipulation Tasks,2024,2024 IEEE International Conference on Robotics and Automation (ICRA),55.454,Choose robot interactions that reveal object state or category under partial observability.,active perception policy,The sensor stream is a sufficient statistic for object identity regardless of action. | Active perception chooses actions but assumes the object identity target is fixed. | The object model need not represent unobservable equivalence classes.,formal equivalence classes induced by gripper-action observation channels; morphology-indexed object identity rather than embodiment-invariant labels
175,ACID: Action-Conditional Implicit Visual Dynamics for Deformable Object Manipulation,2022,Robotics: Science and Systems XVIII,55.394,Choose robot interactions that reveal object state or category under partial observability.,active perception policy; deformable/contact dynamics model,The sensor stream is a sufficient statistic for object identity regardless of action. | Active perception chooses actions but assumes the object identity target is fixed. | The object model need not represent unobservable equivalence classes.,formal equivalence classes induced by gripper-action observation channels; morphology-indexed object identity rather than embodiment-invariant labels
176,Deformable One-Dimensional Object Detection for Routing and Manipulation,2022,IEEE Robotics and Automation Letters,55.394,Choose robot interactions that reveal object state or category under partial observability.,active perception policy; deformable/contact dynamics model,The sensor stream is a sufficient statistic for object identity regardless of action. | Active perception chooses actions but assumes the object identity target is fixed. | The object model need not represent unobservable equivalence classes.,formal equivalence classes induced by gripper-action observation channels; morphology-indexed object identity rather than embodiment-invariant labels
177,Household Cloth Object Set: Fostering Benchmarking in Deformable Object Manipulation,2022,IEEE Robotics and Automation Letters,55.33,Choose robot interactions that reveal object state or category under partial observability.,active perception policy; deformable/contact dynamics model,The sensor stream is a sufficient statistic for object identity regardless of action. | Active perception chooses actions but assumes the object identity target is fixed. | The object model need not represent unobservable equivalence classes.,formal equivalence classes induced by gripper-action observation channels; morphology-indexed object identity rather than embodiment-invariant labels; mechanistic demonstration beyond benchmark score changes
178,Learning Robust Policies for Object Manipulation with Robot Swarms,2018,2018 IEEE International Conference on Robotics and Automation (ICRA),55.158,Choose robot interactions that reveal object state or category under partial observability.,active perception policy,The sensor stream is a sufficient statistic for object identity regardless of action. | Active perception chooses actions but assumes the object identity target is fixed. | The object model need not represent unobservable equivalence classes.,formal equivalence classes induced by gripper-action observation channels; morphology-indexed object identity rather than embodiment-invariant labels
179,"Harnessing the Synergy between Pushing, Grasping, and Throwing to Enhance Object Manipulation in Cluttered Scenarios",2024,2024 IEEE International Conference on Robotics and Automation (ICRA),55.102,Choose robot interactions that reveal object state or category under partial observability.,active perception policy; grasp synthesis or grasp quality model,"Object identity is independent of the robot hand or end-effector. | The gripper can be treated as an interchangeable actuator, not part of perception. | The same failure mode has the same semantic meaning for suction, pinch, and enveloping hands. | The sensor stream is a sufficient statistic for object identity regardless of action. | Active perception chooses actions but assumes the object identity target is fixed.",formal equivalence classes induced by gripper-action observation channels; morphology-indexed object identity rather than embodiment-invariant labels
180,Meta-Learning for Text-Based Object Localization in Robotic Manipulation with DNN and CLIP,2025,"2025 3rd International Conference on Mechatronics, Control and Robotics (ICMCR)",55.102,Choose robot interactions that reveal object state or category under partial observability.,active perception policy,The sensor stream is a sufficient statistic for object identity regardless of action. | Active perception chooses actions but assumes the object identity target is fixed. | The object model need not represent unobservable equivalence classes.,formal equivalence classes induced by gripper-action observation channels; morphology-indexed object identity rather than embodiment-invariant labels
181,Design Modeling of the City Environment as an Object of Perception,2020,Interactive science,55.102,Choose robot interactions that reveal object state or category under partial observability.,active perception policy; pose/category-level perception,The sensor stream is a sufficient statistic for object identity regardless of action. | Active perception chooses actions but assumes the object identity target is fixed. | The object model need not represent unobservable equivalence classes.,formal equivalence classes induced by gripper-action observation channels; morphology-indexed object identity rather than embodiment-invariant labels
182,Focused Adaptation of Dynamics Models for Deformable Object Manipulation,2023,2023 IEEE International Conference on Robotics and Automation (ICRA),54.961,Choose robot interactions that reveal object state or category under partial observability.,active perception policy; deformable/contact dynamics model,The sensor stream is a sufficient statistic for object identity regardless of action. | Active perception chooses actions but assumes the object identity target is fixed. | The object model need not represent unobservable equivalence classes.,formal equivalence classes induced by gripper-action observation channels; morphology-indexed object identity rather than embodiment-invariant labels
183,Sensitive Manipulation: Manipulation Through Tactile Feedback,2018,International Journal of Humanoid Robotics,54.908,"Use contact/touch signals to recognize, localize, or manipulate objects when vision is incomplete.",tactile/visuotactile representation; grasp synthesis or grasp quality model; pose/category-level perception,"Object identity is independent of the robot hand or end-effector. | The gripper can be treated as an interchangeable actuator, not part of perception. | The same failure mode has the same semantic meaning for suction, pinch, and enveloping hands. | Tactile readings are sensor features rather than gripper-object relational events. | Object mass, friction, compliance, and geometry are separable from the grasp family.",formal equivalence classes induced by gripper-action observation channels; morphology-indexed object identity rather than embodiment-invariant labels; when tactile signatures are gripper-specific rather than object-intrinsic
184,Robotic eye-to-hand coordination: Implementing visual perception to object manipulation,2006,International Journal of Hybrid Intelligent Systems,54.908,Choose robot interactions that reveal object state or category under partial observability.,active perception policy,"Object identity is independent of the robot hand or end-effector. | The gripper can be treated as an interchangeable actuator, not part of perception. | The same failure mode has the same semantic meaning for suction, pinch, and enveloping hands. | The sensor stream is a sufficient statistic for object identity regardless of action. | Active perception chooses actions but assumes the object identity target is fixed.",formal equivalence classes induced by gripper-action observation channels; morphology-indexed object identity rather than embodiment-invariant labels
185,Robust Peg-in-Hole Assembly under Uncertainties via Compliant and Interactive Contact-Rich Manipulation,2025,Robotics: Science and Systems XXI,54.898,Choose robot interactions that reveal object state or category under partial observability.,active perception policy,"Tactile readings are sensor features rather than gripper-object relational events. | Object mass, friction, compliance, and geometry are separable from the grasp family. | Contact observables reveal intrinsic object state rather than a quotient of state by probe. | The sensor stream is a sufficient statistic for object identity regardless of action. | Active perception chooses actions but assumes the object identity target is fixed.",formal equivalence classes induced by gripper-action observation channels; morphology-indexed object identity rather than embodiment-invariant labels
186,Embodied Referring Expression for Manipulation Question Answering in Interactive Environment,2023,2023 IEEE International Conference on Robotics and Automation (ICRA),54.898,Choose robot interactions that reveal object state or category under partial observability.,active perception policy,The sensor stream is a sufficient statistic for object identity regardless of action. | Active perception chooses actions but assumes the object identity target is fixed. | The object model need not represent unobservable equivalence classes.,formal equivalence classes induced by gripper-action observation channels; morphology-indexed object identity rather than embodiment-invariant labels
187,Multi-modal Interactive Perception in Human Control of Complex Objects,2023,2023 IEEE International Conference on Robotics and Automation (ICRA),54.898,Choose robot interactions that reveal object state or category under partial observability.,active perception policy; robot learning control policy,The sensor stream is a sufficient statistic for object identity regardless of action. | Active perception chooses actions but assumes the object identity target is fixed. | The object model need not represent unobservable equivalence classes.,formal equivalence classes induced by gripper-action observation channels; morphology-indexed object identity rather than embodiment-invariant labels
188,3-D Deformable Object Manipulation Using Deep Neural Networks,2019,IEEE Robotics and Automation Letters,54.828,Choose robot interactions that reveal object state or category under partial observability.,active perception policy; deformable/contact dynamics model,The sensor stream is a sufficient statistic for object identity regardless of action. | Active perception chooses actions but assumes the object identity target is fixed. | The object model need not represent unobservable equivalence classes.,formal equivalence classes induced by gripper-action observation channels; morphology-indexed object identity rather than embodiment-invariant labels
189,Evaluation of Human-Robot Object Co-manipulation Under Robot Impedance Control,2020,2020 IEEE International Conference on Robotics and Automation (ICRA),54.806,Choose robot interactions that reveal object state or category under partial observability.,active perception policy; robot learning control policy,The sensor stream is a sufficient statistic for object identity regardless of action. | Active perception chooses actions but assumes the object identity target is fixed. | The object model need not represent unobservable equivalence classes.,formal equivalence classes induced by gripper-action observation channels; morphology-indexed object identity rather than embodiment-invariant labels
190,Learning relational affordance models for robots in multi-object manipulation tasks,2012,2012 IEEE International Conference on Robotics and Automation,54.75,Choose robot interactions that reveal object state or category under partial observability.,active perception policy; affordance learning model,The sensor stream is a sufficient statistic for object identity regardless of action. | Active perception chooses actions but assumes the object identity target is fixed. | The object model need not represent unobservable equivalence classes. | Affordances are properties of objects alone rather than object-gripper-action triples. | Planning can consume object labels without knowing their gripper-conditioned validity.,formal equivalence classes induced by gripper-action observation channels; morphology-indexed object identity rather than embodiment-invariant labels; distinguishing affordance from identity when observables change
191,Vision for robotic object manipulation in domestic settings,2005,Robotics and Autonomous Systems,54.738,Choose robot interactions that reveal object state or category under partial observability.,active perception policy,The sensor stream is a sufficient statistic for object identity regardless of action. | Active perception chooses actions but assumes the object identity target is fixed. | The object model need not represent unobservable equivalence classes.,formal equivalence classes induced by gripper-action observation channels; morphology-indexed object identity rather than embodiment-invariant labels
192,Learning object-level impedance control for robust grasping and dexterous manipulation,2014,2014 IEEE International Conference on Robotics and Automation (ICRA),54.738,Choose robot interactions that reveal object state or category under partial observability.,active perception policy; grasp synthesis or grasp quality model; robot learning control policy,"Object identity is independent of the robot hand or end-effector. | The gripper can be treated as an interchangeable actuator, not part of perception. | The same failure mode has the same semantic meaning for suction, pinch, and enveloping hands. | The sensor stream is a sufficient statistic for object identity regardless of action. | Active perception chooses actions but assumes the object identity target is fixed.",formal equivalence classes induced by gripper-action observation channels; morphology-indexed object identity rather than embodiment-invariant labels
193,Learning Language-Conditioned Deformable Object Manipulation with Graph Dynamics,2024,2024 IEEE International Conference on Robotics and Automation (ICRA),54.728,Choose robot interactions that reveal object state or category under partial observability.,active perception policy; deformable/contact dynamics model,The sensor stream is a sufficient statistic for object identity regardless of action. | Active perception chooses actions but assumes the object identity target is fixed. | The object model need not represent unobservable equivalence classes.,formal equivalence classes induced by gripper-action observation channels; morphology-indexed object identity rather than embodiment-invariant labels
194,Three-Dimensional Deformable Object Manipulation Using Fast Online Gaussian Process Regression,2018,IEEE Robotics and Automation Letters,54.727,Choose robot interactions that reveal object state or category under partial observability.,active perception policy; deformable/contact dynamics model,The sensor stream is a sufficient statistic for object identity regardless of action. | Active perception chooses actions but assumes the object identity target is fixed. | The object model need not represent unobservable equivalence classes.,formal equivalence classes induced by gripper-action observation channels; morphology-indexed object identity rather than embodiment-invariant labels
195,Cooperative Manipulation and Identification of a 2-DOF Articulated Object by a Dual-Arm Robot,2018,2018 IEEE International Conference on Robotics and Automation (ICRA),54.69,Choose robot interactions that reveal object state or category under partial observability.,active perception policy,The sensor stream is a sufficient statistic for object identity regardless of action. | Active perception chooses actions but assumes the object identity target is fixed. | The object model need not represent unobservable equivalence classes.,formal equivalence classes induced by gripper-action observation channels; morphology-indexed object identity rather than embodiment-invariant labels
196,Deep Multi-Sensory Object Category Recognition Using Interactive Behavioral Exploration,2019,2019 International Conference on Robotics and Automation (ICRA),54.685,Choose robot interactions that reveal object state or category under partial observability.,active perception policy,The sensor stream is a sufficient statistic for object identity regardless of action. | Active perception chooses actions but assumes the object identity target is fixed. | The object model need not represent unobservable equivalence classes. | A category label is stable across changes in contact geometry. | Benchmark labels correspond to the distinctions a deployed gripper can observe.,formal equivalence classes induced by gripper-action observation channels; morphology-indexed object identity rather than embodiment-invariant labels
197,Efficient Object Manipulation to an Arbitrary Goal Pose: Learning-Based Anytime Prioritized Planning,2022,2022 International Conference on Robotics and Automation (ICRA),54.658,Choose robot interactions that reveal object state or category under partial observability.,active perception policy; pose/category-level perception,The sensor stream is a sufficient statistic for object identity regardless of action. | Active perception chooses actions but assumes the object identity target is fixed. | The object model need not represent unobservable equivalence classes.,formal equivalence classes induced by gripper-action observation channels; morphology-indexed object identity rather than embodiment-invariant labels
198,Modeling of flexible deformable object for robotic manipulation,2016,2016 IEEE International Symposium on Robotics and Intelligent Sensors (IRIS),54.602,Choose robot interactions that reveal object state or category under partial observability.,active perception policy; deformable/contact dynamics model,The sensor stream is a sufficient statistic for object identity regardless of action. | Active perception chooses actions but assumes the object identity target is fixed. | The object model need not represent unobservable equivalence classes.,formal equivalence classes induced by gripper-action observation channels; morphology-indexed object identity rather than embodiment-invariant labels
199,Object Handle Segmentation in 3D Point Cloud for Robot Grasping Using Scale Invariant Heat Kernel Signature With Optimized XGBoost Classifier,2025,IET Image Processing,54.602,Predict or execute stable grasps and manipulation actions from object observations.,grasp synthesis or grasp quality model; pose/category-level perception; deformable/contact dynamics model,"Object identity is independent of the robot hand or end-effector. | The gripper can be treated as an interchangeable actuator, not part of perception. | The same failure mode has the same semantic meaning for suction, pinch, and enveloping hands. | A category label is stable across changes in contact geometry. | Benchmark labels correspond to the distinctions a deployed gripper can observe.",formal equivalence classes induced by gripper-action observation channels; morphology-indexed object identity rather than embodiment-invariant labels
200,An open-source multi-DOF articulated robotic educational platform for autonomous object manipulation,2014,Robotics and Computer-Integrated Manufacturing,54.585,Choose robot interactions that reveal object state or category under partial observability.,active perception policy,The sensor stream is a sufficient statistic for object identity regardless of action. | Active perception chooses actions but assumes the object identity target is fixed. | The object model need not represent unobservable equivalence classes.,formal equivalence classes induced by gripper-action observation channels; morphology-indexed object identity rather than embodiment-invariant labels
201,SculptBot: Pre-Trained Models for 3D Deformable Object Manipulation,2024,2024 IEEE International Conference on Robotics and Automation (ICRA),54.583,Choose robot interactions that reveal object state or category under partial observability.,active perception policy; deformable/contact dynamics model,The sensor stream is a sufficient statistic for object identity regardless of action. | Active perception chooses actions but assumes the object identity target is fixed. | The object model need not represent unobservable equivalence classes.,formal equivalence classes induced by gripper-action observation channels; morphology-indexed object identity rather than embodiment-invariant labels
202,DeformNet: Latent Space Modeling and Dynamics Prediction for Deformable Object Manipulation,2024,2024 IEEE International Conference on Robotics and Automation (ICRA),54.583,Choose robot interactions that reveal object state or category under partial observability.,active perception policy; object-centric latent world model; deformable/contact dynamics model,The sensor stream is a sufficient statistic for object identity regardless of action. | Active perception chooses actions but assumes the object identity target is fixed. | The object model need not represent unobservable equivalence classes. | A single latent object embedding can serve all manipulation actions. | A learned representation that is invariant across embodiments is always beneficial.,formal equivalence classes induced by gripper-action observation channels; morphology-indexed object identity rather than embodiment-invariant labels
203,Object Motion Manipulation and time perception in virtual reality,2024,Frontiers in Virtual Reality,54.556,Choose robot interactions that reveal object state or category under partial observability.,active perception policy,"Object identity is independent of the robot hand or end-effector. | The gripper can be treated as an interchangeable actuator, not part of perception. | The same failure mode has the same semantic meaning for suction, pinch, and enveloping hands. | The sensor stream is a sufficient statistic for object identity regardless of action. | Active perception chooses actions but assumes the object identity target is fixed.",formal equivalence classes induced by gripper-action observation channels; morphology-indexed object identity rather than embodiment-invariant labels
204,A Wearable Robotic Object Manipulation Aid for the Visually Impaired,2018,"2018 IEEE 1st International Conference on Micro/Nano Sensors for AI, Healthcare, and Robotics (NSENS)",54.556,Choose robot interactions that reveal object state or category under partial observability.,active perception policy,The sensor stream is a sufficient statistic for object identity regardless of action. | Active perception chooses actions but assumes the object identity target is fixed. | The object model need not represent unobservable equivalence classes.,formal equivalence classes induced by gripper-action observation channels; morphology-indexed object identity rather than embodiment-invariant labels
205,Goal-Driven Robotic Pushing Manipulation Under Uncertain Object Properties,2025,2025 IEEE International Conference on Robotics and Automation (ICRA),54.5,Choose robot interactions that reveal object state or category under partial observability.,active perception policy; deformable/contact dynamics model,The sensor stream is a sufficient statistic for object identity regardless of action. | Active perception chooses actions but assumes the object identity target is fixed. | The object model need not represent unobservable equivalence classes.,formal equivalence classes induced by gripper-action observation channels; morphology-indexed object identity rather than embodiment-invariant labels
206,EXOT: Exit-aware Object Tracker for Safe Robotic Manipulation of Moving Object,2023,2023 IEEE International Conference on Robotics and Automation (ICRA),54.5,Choose robot interactions that reveal object state or category under partial observability.,active perception policy,The sensor stream is a sufficient statistic for object identity regardless of action. | Active perception chooses actions but assumes the object identity target is fixed. | The object model need not represent unobservable equivalence classes.,formal equivalence classes induced by gripper-action observation channels; morphology-indexed object identity rather than embodiment-invariant labels
207,High dimensional object rearrangement for a robot manipulation in highly dense configurations,2022,Intelligent Service Robotics,54.5,Choose robot interactions that reveal object state or category under partial observability.,active perception policy,The sensor stream is a sufficient statistic for object identity regardless of action. | Active perception chooses actions but assumes the object identity target is fixed. | The object model need not represent unobservable equivalence classes.,formal equivalence classes induced by gripper-action observation channels; morphology-indexed object identity rather than embodiment-invariant labels
208,Privacy-Preserving Robotic Perception for Object Detection in Curious Cloud Robotics,2025,IEEE Transactions on Robotics,54.5,Choose robot interactions that reveal object state or category under partial observability.,active perception policy,The sensor stream is a sufficient statistic for object identity regardless of action. | Active perception chooses actions but assumes the object identity target is fixed. | The object model need not represent unobservable equivalence classes.,formal equivalence classes induced by gripper-action observation channels; morphology-indexed object identity rather than embodiment-invariant labels
209,Robotic Yarn Splicing in Warping: Uncertainty-Aware Perception and Manipulation,2025,2025 IEEE International Conference on Robotics and Biomimetics (ROBIO),54.5,Choose robot interactions that reveal object state or category under partial observability.,active perception policy,The sensor stream is a sufficient statistic for object identity regardless of action. | Active perception chooses actions but assumes the object identity target is fixed. | The object model need not represent unobservable equivalence classes.,formal equivalence classes induced by gripper-action observation channels; morphology-indexed object identity rather than embodiment-invariant labels
210,Cross-Behavior Learning with Object Flow Prediction for Robotic Manipulation,2026,IEEE Transactions on Robotics,54.5,Choose robot interactions that reveal object state or category under partial observability.,active perception policy,The sensor stream is a sufficient statistic for object identity regardless of action. | Active perception chooses actions but assumes the object identity target is fixed. | The object model need not represent unobservable equivalence classes.,formal equivalence classes induced by gripper-action observation channels; morphology-indexed object identity rather than embodiment-invariant labels
211,Everyday finger: a robotic finger that meets the needs of everyday interactive manipulation,2024,2024 IEEE International Conference on Robotics and Automation (ICRA),54.5,Choose robot interactions that reveal object state or category under partial observability.,active perception policy,The sensor stream is a sufficient statistic for object identity regardless of action. | Active perception chooses actions but assumes the object identity target is fixed. | The object model need not represent unobservable equivalence classes.,formal equivalence classes induced by gripper-action observation channels; morphology-indexed object identity rather than embodiment-invariant labels
212,LiDAR-Based Orientation Monitoring of an Unknown Object During Manipulation with an Industrial Robot,2022,2022 7th International Conference on Robotics and Automation Engineering (ICRAE),54.5,Choose robot interactions that reveal object state or category under partial observability.,active perception policy,The sensor stream is a sufficient statistic for object identity regardless of action. | Active perception chooses actions but assumes the object identity target is fixed. | The object model need not represent unobservable equivalence classes.,formal equivalence classes induced by gripper-action observation channels; morphology-indexed object identity rather than embodiment-invariant labels
213,HCRI: A ROS2 Human Collision Object Interface for Robotic Manipulation Planning,2023,2023 IEEE International Conference on Real-time Computing and Robotics (RCAR),54.5,Choose robot interactions that reveal object state or category under partial observability.,active perception policy,The sensor stream is a sufficient statistic for object identity regardless of action. | Active perception chooses actions but assumes the object identity target is fixed. | The object model need not represent unobservable equivalence classes.,formal equivalence classes induced by gripper-action observation channels; morphology-indexed object identity rather than embodiment-invariant labels
214,Efficient 3D Object Detection by Fitting Superquadrics to Range Image Data for Robot's Object Manipulation,2007,Proceedings 2007 IEEE International Conference on Robotics and Automation,54.465,Choose robot interactions that reveal object state or category under partial observability.,active perception policy,The sensor stream is a sufficient statistic for object identity regardless of action. | Active perception chooses actions but assumes the object identity target is fixed. | The object model need not represent unobservable equivalence classes.,formal equivalence classes induced by gripper-action observation channels; morphology-indexed object identity rather than embodiment-invariant labels
215,Real-time Multisensory Affordance-based Control for Adaptive Object Manipulation,2019,2019 International Conference on Robotics and Automation (ICRA),54.398,Choose robot interactions that reveal object state or category under partial observability.,active perception policy; affordance learning model; robot learning control policy,The sensor stream is a sufficient statistic for object identity regardless of action. | Active perception chooses actions but assumes the object identity target is fixed. | The object model need not represent unobservable equivalence classes. | Affordances are properties of objects alone rather than object-gripper-action triples. | Planning can consume object labels without knowing their gripper-conditioned validity.,formal equivalence classes induced by gripper-action observation channels; morphology-indexed object identity rather than embodiment-invariant labels; distinguishing affordance from identity when observables change
216,The Context-Object-Manipulation Triad: Cross Talk during Action Perception Revealed by fMRI,2012,Journal of Cognitive Neuroscience,54.394,Choose robot interactions that reveal object state or category under partial observability.,active perception policy,The sensor stream is a sufficient statistic for object identity regardless of action. | Active perception chooses actions but assumes the object identity target is fixed. | The object model need not represent unobservable equivalence classes.,formal equivalence classes induced by gripper-action observation channels; morphology-indexed object identity rather than embodiment-invariant labels
217,"A sensory gripper using tactile sensors for object recognition, orientation control, and stable manipulation",1989,"IEEE Transactions on Systems, Man, and Cybernetics",54.352,"Use contact/touch signals to recognize, localize, or manipulate objects when vision is incomplete.",tactile/visuotactile representation; robot learning control policy,"Object identity is independent of the robot hand or end-effector. | The gripper can be treated as an interchangeable actuator, not part of perception. | The same failure mode has the same semantic meaning for suction, pinch, and enveloping hands. | Tactile readings are sensor features rather than gripper-object relational events. | Object mass, friction, compliance, and geometry are separable from the grasp family.",formal equivalence classes induced by gripper-action observation channels; morphology-indexed object identity rather than embodiment-invariant labels; when tactile signatures are gripper-specific rather than object-intrinsic
218,Deformable Object Manipulation With Constraints Using Path Set Planning and Tracking,2023,IEEE Transactions on Robotics,54.306,Choose robot interactions that reveal object state or category under partial observability.,active perception policy; deformable/contact dynamics model,The sensor stream is a sufficient statistic for object identity regardless of action. | Active perception chooses actions but assumes the object identity target is fixed. | The object model need not represent unobservable equivalence classes.,formal equivalence classes induced by gripper-action observation channels; morphology-indexed object identity rather than embodiment-invariant labels
219,Experimental Assessment of Human-Robot Teaming for Multi-step Remote Manipulation with Expert Operators,2024,ACM Transactions on Human-Robot Interaction,54.292,Predict or execute stable grasps and manipulation actions from object observations.,grasp synthesis or grasp quality model; pose/category-level perception; robot learning control policy,"Object identity is independent of the robot hand or end-effector. | The gripper can be treated as an interchangeable actuator, not part of perception. | The same failure mode has the same semantic meaning for suction, pinch, and enveloping hands. | Training and deployment grippers induce comparable observation channels. | Sim-to-real gaps mainly concern physics parameters, not identity partitions.",formal equivalence classes induced by gripper-action observation channels; morphology-indexed object identity rather than embodiment-invariant labels; mechanistic demonstration beyond benchmark score changes
220,Realizing mixed-reality environments with tablets for intuitive human-robot collaboration for object manipulation tasks,2016,2016 25th IEEE International Symposium on Robot and Human Interactive Communication (RO-MAN),54.246,Choose robot interactions that reveal object state or category under partial observability.,active perception policy,The sensor stream is a sufficient statistic for object identity regardless of action. | Active perception chooses actions but assumes the object identity target is fixed. | The object model need not represent unobservable equivalence classes.,formal equivalence classes induced by gripper-action observation channels; morphology-indexed object identity rather than embodiment-invariant labels
221,On perceptual biases in virtual object manipulation: Signal reliability and action relevance matter,2019,"Attention, Perception, &amp; Psychophysics",54.228,Choose robot interactions that reveal object state or category under partial observability.,active perception policy,The sensor stream is a sufficient statistic for object identity regardless of action. | Active perception chooses actions but assumes the object identity target is fixed. | The object model need not represent unobservable equivalence classes.,formal equivalence classes induced by gripper-action observation channels; morphology-indexed object identity rather than embodiment-invariant labels
222,Efficient 3D object perception and grasp planning for mobile manipulation in domestic environments,2013,Robotics and Autonomous Systems,54.204,Choose robot interactions that reveal object state or category under partial observability.,active perception policy; grasp synthesis or grasp quality model,"Object identity is independent of the robot hand or end-effector. | The gripper can be treated as an interchangeable actuator, not part of perception. | The same failure mode has the same semantic meaning for suction, pinch, and enveloping hands. | The sensor stream is a sufficient statistic for object identity regardless of action. | Active perception chooses actions but assumes the object identity target is fixed.",formal equivalence classes induced by gripper-action observation channels; morphology-indexed object identity rather than embodiment-invariant labels
223,Deformable Object Manipulation. Modeling of String Objects for Their Manipulation.,1998,Journal of the Robotics Society of Japan,54.204,Choose robot interactions that reveal object state or category under partial observability.,active perception policy; deformable/contact dynamics model,The sensor stream is a sufficient statistic for object identity regardless of action. | Active perception chooses actions but assumes the object identity target is fixed. | The object model need not represent unobservable equivalence classes.,formal equivalence classes induced by gripper-action observation channels; morphology-indexed object identity rather than embodiment-invariant labels
224,A New Concept of Safety Affordance Map for Robots Object Manipulation,2018,2018 27th IEEE International Symposium on Robot and Human Interactive Communication (RO-MAN),54.204,Choose robot interactions that reveal object state or category under partial observability.,active perception policy; affordance learning model,The sensor stream is a sufficient statistic for object identity regardless of action. | Active perception chooses actions but assumes the object identity target is fixed. | The object model need not represent unobservable equivalence classes. | Affordances are properties of objects alone rather than object-gripper-action triples. | Planning can consume object labels without knowing their gripper-conditioned validity.,formal equivalence classes induced by gripper-action observation channels; morphology-indexed object identity rather than embodiment-invariant labels; distinguishing affordance from identity when observables change
225,Goal-Conditioned Action Space Reduction for Deformable Object Manipulation,2023,2023 IEEE International Conference on Robotics and Automation (ICRA),54.19,Choose robot interactions that reveal object state or category under partial observability.,active perception policy; deformable/contact dynamics model,The sensor stream is a sufficient statistic for object identity regardless of action. | Active perception chooses actions but assumes the object identity target is fixed. | The object model need not represent unobservable equivalence classes.,formal equivalence classes induced by gripper-action observation channels; morphology-indexed object identity rather than embodiment-invariant labels
226,Microcomputerbased robot dynamic sensing using linear array sensor for object recognition and manipulation,1987,Journal of Robotic Systems,54.102,"Use contact/touch signals to recognize, localize, or manipulate objects when vision is incomplete.",tactile/visuotactile representation; pose/category-level perception,"Object identity is independent of the robot hand or end-effector. | The gripper can be treated as an interchangeable actuator, not part of perception. | The same failure mode has the same semantic meaning for suction, pinch, and enveloping hands. | Tactile readings are sensor features rather than gripper-object relational events. | Object mass, friction, compliance, and geometry are separable from the grasp family.",formal equivalence classes induced by gripper-action observation channels; morphology-indexed object identity rather than embodiment-invariant labels; when tactile signatures are gripper-specific rather than object-intrinsic
227,Bilateral Teleoperation Control Using Unified Interactive Model for Manipulation in Contact Environment<sup>*</sup>,2023,2023 IEEE International Conference on Robotics and Biomimetics (ROBIO),54.102,Choose robot interactions that reveal object state or category under partial observability.,active perception policy; robot learning control policy,"Tactile readings are sensor features rather than gripper-object relational events. | Object mass, friction, compliance, and geometry are separable from the grasp family. | Contact observables reveal intrinsic object state rather than a quotient of state by probe. | The sensor stream is a sufficient statistic for object identity regardless of action. | Active perception chooses actions but assumes the object identity target is fixed.",formal equivalence classes induced by gripper-action observation channels; morphology-indexed object identity rather than embodiment-invariant labels
228,Using ToF and RGBD cameras for 3D robot perception and manipulation in human environments,2014,Intelligent Service Robotics,54.037,Choose robot interactions that reveal object state or category under partial observability.,active perception policy,The sensor stream is a sufficient statistic for object identity regardless of action. | Active perception chooses actions but assumes the object identity target is fixed. | The object model need not represent unobservable equivalence classes.,formal equivalence classes induced by gripper-action observation channels; morphology-indexed object identity rather than embodiment-invariant labels
229,A Practical Solution to Deformable Linear Object Manipulation: A Case Study on Cable Harness Connection,2020,2020 5th International Conference on Advanced Robotics and Mechatronics (ICARM),53.983,Choose robot interactions that reveal object state or category under partial observability.,active perception policy; deformable/contact dynamics model,The sensor stream is a sufficient statistic for object identity regardless of action. | Active perception chooses actions but assumes the object identity target is fixed. | The object model need not represent unobservable equivalence classes.,formal equivalence classes induced by gripper-action observation channels; morphology-indexed object identity rather than embodiment-invariant labels
230,A Neuro-Cognitive Visual System for Object Recognition Based on Testing of Interactive Attentional Top - down Hypotheses,2000,Perception,53.961,Choose robot interactions that reveal object state or category under partial observability.,active perception policy; affordance learning model; pose/category-level perception,The sensor stream is a sufficient statistic for object identity regardless of action. | Active perception chooses actions but assumes the object identity target is fixed. | The object model need not represent unobservable equivalence classes. | A category label is stable across changes in contact geometry. | Benchmark labels correspond to the distinctions a deployed gripper can observe.,formal equivalence classes induced by gripper-action observation channels; morphology-indexed object identity rather than embodiment-invariant labels
231,Grasp planning for object manipulation without simulation of the object manipulation action.,2019,Journal of Experimental Psychology: Human Perception and Performance,53.954,Choose robot interactions that reveal object state or category under partial observability.,active perception policy; grasp synthesis or grasp quality model,"Object identity is independent of the robot hand or end-effector. | The gripper can be treated as an interchangeable actuator, not part of perception. | The same failure mode has the same semantic meaning for suction, pinch, and enveloping hands. | The sensor stream is a sufficient statistic for object identity regardless of action. | Active perception chooses actions but assumes the object identity target is fixed.",formal equivalence classes induced by gripper-action observation channels; morphology-indexed object identity rather than embodiment-invariant labels
232,Object Detection for Soft Robotic Manipulation Based on RGB-D Sensors,2018,2018 WRC Symposium on Advanced Robotics and Automation (WRC SARA),53.954,Choose robot interactions that reveal object state or category under partial observability.,active perception policy,The sensor stream is a sufficient statistic for object identity regardless of action. | Active perception chooses actions but assumes the object identity target is fixed. | The object model need not represent unobservable equivalence classes.,formal equivalence classes induced by gripper-action observation channels; morphology-indexed object identity rather than embodiment-invariant labels
233,Manipulating articulated objects with interactive perception,2008,2008 IEEE International Conference on Robotics and Automation,53.937,Choose robot interactions that reveal object state or category under partial observability.,active perception policy,The sensor stream is a sufficient statistic for object identity regardless of action. | Active perception chooses actions but assumes the object identity target is fixed. | The object model need not represent unobservable equivalence classes.,formal equivalence classes induced by gripper-action observation channels; morphology-indexed object identity rather than embodiment-invariant labels
234,Interactive Perception for Deformable Object Manipulation,2024,IEEE Robotics and Automation Letters,53.898,Choose robot interactions that reveal object state or category under partial observability.,active perception policy; deformable/contact dynamics model,The sensor stream is a sufficient statistic for object identity regardless of action. | Active perception chooses actions but assumes the object identity target is fixed. | The object model need not represent unobservable equivalence classes.,formal equivalence classes induced by gripper-action observation channels; morphology-indexed object identity rather than embodiment-invariant labels
235,Point'n Move: Interactive scene object manipulation on Gaussian splatting radiance fields,2024,IET Image Processing,53.863,Choose robot interactions that reveal object state or category under partial observability.,active perception policy; object-centric latent world model; pose/category-level perception,The sensor stream is a sufficient statistic for object identity regardless of action. | Active perception chooses actions but assumes the object identity target is fixed. | The object model need not represent unobservable equivalence classes.,formal equivalence classes induced by gripper-action observation channels; morphology-indexed object identity rather than embodiment-invariant labels
236,Situation assessment for human-robot interactive object manipulation,2011,2011 RO-MAN,53.83,Choose robot interactions that reveal object state or category under partial observability.,active perception policy,The sensor stream is a sufficient statistic for object identity regardless of action. | Active perception chooses actions but assumes the object identity target is fixed. | The object model need not represent unobservable equivalence classes.,formal equivalence classes induced by gripper-action observation channels; morphology-indexed object identity rather than embodiment-invariant labels
237,Neural Descriptor Fields: SE(3)-Equivariant Object Representations for Manipulation,2022,2022 International Conference on Robotics and Automation (ICRA),53.761,Choose robot interactions that reveal object state or category under partial observability.,active perception policy; object-centric latent world model,The sensor stream is a sufficient statistic for object identity regardless of action. | Active perception chooses actions but assumes the object identity target is fixed. | The object model need not represent unobservable equivalence classes.,formal equivalence classes induced by gripper-action observation channels; morphology-indexed object identity rather than embodiment-invariant labels
238,A Dataset and Benchmarks for Deep Learning-Based Optical Microrobot Pose and Depth Perception,2025,"2025 International Conference on Manipulation, Automation and Robotics at Small Scales (MARSS)",53.704,Choose robot interactions that reveal object state or category under partial observability.,active perception policy; pose/category-level perception,The sensor stream is a sufficient statistic for object identity regardless of action. | Active perception chooses actions but assumes the object identity target is fixed. | The object model need not represent unobservable equivalence classes.,formal equivalence classes induced by gripper-action observation channels; morphology-indexed object identity rather than embodiment-invariant labels; mechanistic demonstration beyond benchmark score changes
239,Deformpam: Data-Efficient Learning for Long-Horizon Deformable Object Manipulation Via Preference-Based Action Alignment,2025,2025 IEEE International Conference on Robotics and Automation (ICRA),53.704,Choose robot interactions that reveal object state or category under partial observability.,active perception policy; deformable/contact dynamics model,The sensor stream is a sufficient statistic for object identity regardless of action. | Active perception chooses actions but assumes the object identity target is fixed. | The object model need not represent unobservable equivalence classes.,formal equivalence classes induced by gripper-action observation channels; morphology-indexed object identity rather than embodiment-invariant labels
240,Figure-ground organization and object recognition processes: An interactive account.,1998,Journal of Experimental Psychology: Human Perception and Performance,53.665,Choose robot interactions that reveal object state or category under partial observability.,active perception policy,The sensor stream is a sufficient statistic for object identity regardless of action. | Active perception chooses actions but assumes the object identity target is fixed. | The object model need not represent unobservable equivalence classes. | A category label is stable across changes in contact geometry. | Benchmark labels correspond to the distinctions a deployed gripper can observe.,formal equivalence classes induced by gripper-action observation channels; morphology-indexed object identity rather than embodiment-invariant labels
241,Estimating unknown object dynamics in human-robot manipulation tasks,2017,2017 IEEE International Conference on Robotics and Automation (ICRA),53.602,Choose robot interactions that reveal object state or category under partial observability.,active perception policy,The sensor stream is a sufficient statistic for object identity regardless of action. | Active perception chooses actions but assumes the object identity target is fixed. | The object model need not represent unobservable equivalence classes.,formal equivalence classes induced by gripper-action observation channels; morphology-indexed object identity rather than embodiment-invariant labels
242,Development of an intelligent object for grasp and manipulation research,2011,2011 15th International Conference on Advanced Robotics (ICAR),53.602,Choose robot interactions that reveal object state or category under partial observability.,active perception policy; grasp synthesis or grasp quality model,"Object identity is independent of the robot hand or end-effector. | The gripper can be treated as an interchangeable actuator, not part of perception. | The same failure mode has the same semantic meaning for suction, pinch, and enveloping hands. | The sensor stream is a sufficient statistic for object identity regardless of action. | Active perception chooses actions but assumes the object identity target is fixed.",formal equivalence classes induced by gripper-action observation channels; morphology-indexed object identity rather than embodiment-invariant labels
243,Object-Centric Approach to Prediction and Labeling of Manipulation Tasks,2018,2018 IEEE International Conference on Robotics and Automation (ICRA),53.602,Choose robot interactions that reveal object state or category under partial observability.,active perception policy; object-centric latent world model,The sensor stream is a sufficient statistic for object identity regardless of action. | Active perception chooses actions but assumes the object identity target is fixed. | The object model need not represent unobservable equivalence classes. | A single latent object embedding can serve all manipulation actions. | A learned representation that is invariant across embodiments is always beneficial.,formal equivalence classes induced by gripper-action observation channels; morphology-indexed object identity rather than embodiment-invariant labels
244,Online construction of the manipulation model of an unknown object by a robot hand using the regrasping primitives,2000,Advanced Robotics,53.602,Choose robot interactions that reveal object state or category under partial observability.,active perception policy; grasp synthesis or grasp quality model,"Object identity is independent of the robot hand or end-effector. | The gripper can be treated as an interchangeable actuator, not part of perception. | The same failure mode has the same semantic meaning for suction, pinch, and enveloping hands. | The sensor stream is a sufficient statistic for object identity regardless of action. | Active perception chooses actions but assumes the object identity target is fixed.",formal equivalence classes induced by gripper-action observation channels; morphology-indexed object identity rather than embodiment-invariant labels
245,Interactive non-prehensile manipulation for grasping via POMDPs,2013,2013 IEEE International Conference on Robotics and Automation,53.558,Choose robot interactions that reveal object state or category under partial observability.,active perception policy; grasp synthesis or grasp quality model,"Object identity is independent of the robot hand or end-effector. | The gripper can be treated as an interchangeable actuator, not part of perception. | The same failure mode has the same semantic meaning for suction, pinch, and enveloping hands. | The sensor stream is a sufficient statistic for object identity regardless of action. | Active perception chooses actions but assumes the object identity target is fixed.",formal equivalence classes induced by gripper-action observation channels; morphology-indexed object identity rather than embodiment-invariant labels
246,"Perceiving, Learning, and Exploiting Object Affordances for Autonomous Pile Manipulation",2013,Robotics: Science and Systems IX,53.511,Choose robot interactions that reveal object state or category under partial observability.,active perception policy; affordance learning model,The sensor stream is a sufficient statistic for object identity regardless of action. | Active perception chooses actions but assumes the object identity target is fixed. | The object model need not represent unobservable equivalence classes. | Affordances are properties of objects alone rather than object-gripper-action triples. | Planning can consume object labels without knowing their gripper-conditioned validity.,formal equivalence classes induced by gripper-action observation channels; morphology-indexed object identity rather than embodiment-invariant labels; distinguishing affordance from identity when observables change
247,Interactive control of bigobject manipulation animation,2016,Computer Animation and Virtual Worlds,53.5,Choose robot interactions that reveal object state or category under partial observability.,active perception policy; robot learning control policy,The sensor stream is a sufficient statistic for object identity regardless of action. | Active perception chooses actions but assumes the object identity target is fixed. | The object model need not represent unobservable equivalence classes.,formal equivalence classes induced by gripper-action observation channels; morphology-indexed object identity rather than embodiment-invariant labels
248,Unsupervised learning of object affordances for planning in a mobile manipulation platform,2011,2011 IEEE International Conference on Robotics and Automation,53.461,Choose robot interactions that reveal object state or category under partial observability.,active perception policy; affordance learning model,The sensor stream is a sufficient statistic for object identity regardless of action. | Active perception chooses actions but assumes the object identity target is fixed. | The object model need not represent unobservable equivalence classes. | Affordances are properties of objects alone rather than object-gripper-action triples. | Planning can consume object labels without knowing their gripper-conditioned validity.,formal equivalence classes induced by gripper-action observation channels; morphology-indexed object identity rather than embodiment-invariant labels; distinguishing affordance from identity when observables change
249,Routing Manipulation of Deformable Linear Object Using Reinforcement Learning and Diffusion Policy,2025,2025 IEEE International Conference on Robotics and Automation (ICRA),53.454,Choose robot interactions that reveal object state or category under partial observability.,active perception policy; deformable/contact dynamics model; robot learning control policy,The sensor stream is a sufficient statistic for object identity regardless of action. | Active perception chooses actions but assumes the object identity target is fixed. | The object model need not represent unobservable equivalence classes.,formal equivalence classes induced by gripper-action observation channels; morphology-indexed object identity rather than embodiment-invariant labels
250,Goal-Conditioned Model Simplification for 1-D and 2-D Deformable Object Manipulation,2025,IEEE Transactions on Robotics,53.454,Choose robot interactions that reveal object state or category under partial observability.,active perception policy; deformable/contact dynamics model,The sensor stream is a sufficient statistic for object identity regardless of action. | Active perception chooses actions but assumes the object identity target is fixed. | The object model need not represent unobservable equivalence classes.,formal equivalence classes induced by gripper-action observation channels; morphology-indexed object identity rather than embodiment-invariant labels
251,EMG-driven shared human-robot compliant control for in-hand object manipulation in hand prostheses,2022,Journal of Neural Engineering,53.352,Predict or execute stable grasps and manipulation actions from object observations.,grasp synthesis or grasp quality model; affordance learning model; pose/category-level perception,"Object identity is independent of the robot hand or end-effector. | The gripper can be treated as an interchangeable actuator, not part of perception. | The same failure mode has the same semantic meaning for suction, pinch, and enveloping hands.",formal equivalence classes induced by gripper-action observation channels; morphology-indexed object identity rather than embodiment-invariant labels
252,An Attentional Approach to Human-Robot Interactive Manipulation,2014,International Journal of Social Robotics,53.292,Choose robot interactions that reveal object state or category under partial observability.,active perception policy,The sensor stream is a sufficient statistic for object identity regardless of action. | Active perception chooses actions but assumes the object identity target is fixed. | The object model need not represent unobservable equivalence classes.,formal equivalence classes induced by gripper-action observation channels; morphology-indexed object identity rather than embodiment-invariant labels
253,The perceptual root of object-based storage: An interactive model of perception and visual working memory.,2011,Journal of Experimental Psychology: Human Perception and Performance,53.267,Choose robot interactions that reveal object state or category under partial observability.,active perception policy,The sensor stream is a sufficient statistic for object identity regardless of action. | Active perception chooses actions but assumes the object identity target is fixed. | The object model need not represent unobservable equivalence classes.,formal equivalence classes induced by gripper-action observation channels; morphology-indexed object identity rather than embodiment-invariant labels
254,Embodied Reasoning for Discovering Object Properties via Manipulation,2021,2021 IEEE International Conference on Robotics and Automation (ICRA),53.204,Choose robot interactions that reveal object state or category under partial observability.,active perception policy; deformable/contact dynamics model,The sensor stream is a sufficient statistic for object identity regardless of action. | Active perception chooses actions but assumes the object identity target is fixed. | The object model need not represent unobservable equivalence classes.,formal equivalence classes induced by gripper-action observation channels; morphology-indexed object identity rather than embodiment-invariant labels
255,Software architecture for deformable linear object manipulation,2022,Proceedings of the 4th International Workshop on Robotics Software Engineering,53.102,Choose robot interactions that reveal object state or category under partial observability.,active perception policy; deformable/contact dynamics model,The sensor stream is a sufficient statistic for object identity regardless of action. | Active perception chooses actions but assumes the object identity target is fixed. | The object model need not represent unobservable equivalence classes.,formal equivalence classes induced by gripper-action observation channels; morphology-indexed object identity rather than embodiment-invariant labels
256,DefGoalNet: Contextual Goal Learning from Demonstrations for Deformable Object Manipulation,2024,2024 IEEE International Conference on Robotics and Automation (ICRA),53.102,Choose robot interactions that reveal object state or category under partial observability.,active perception policy; deformable/contact dynamics model,The sensor stream is a sufficient statistic for object identity regardless of action. | Active perception chooses actions but assumes the object identity target is fixed. | The object model need not represent unobservable equivalence classes.,formal equivalence classes induced by gripper-action observation channels; morphology-indexed object identity rather than embodiment-invariant labels
257,Planar Robot Grasping Planning Based on Symmetry,2014,Applied Mechanics and Materials,53.102,Predict or execute stable grasps and manipulation actions from object observations.,grasp synthesis or grasp quality model; pose/category-level perception,"Object identity is independent of the robot hand or end-effector. | The gripper can be treated as an interchangeable actuator, not part of perception. | The same failure mode has the same semantic meaning for suction, pinch, and enveloping hands. | A category label is stable across changes in contact geometry. | Benchmark labels correspond to the distinctions a deployed gripper can observe.",formal equivalence classes induced by gripper-action observation channels; morphology-indexed object identity rather than embodiment-invariant labels
258,Language-Grounded Dynamic Scene Graphs for Interactive Object Search With Mobile Manipulation,2024,IEEE Robotics and Automation Letters,53.042,Choose robot interactions that reveal object state or category under partial observability.,active perception policy,The sensor stream is a sufficient statistic for object identity regardless of action. | Active perception chooses actions but assumes the object identity target is fixed. | The object model need not represent unobservable equivalence classes.,formal equivalence classes induced by gripper-action observation channels; morphology-indexed object identity rather than embodiment-invariant labels
259,3D object perception and perceptual learning in the RACE project,2016,Robotics and Autonomous Systems,53.01,Choose robot interactions that reveal object state or category under partial observability.,active perception policy,The sensor stream is a sufficient statistic for object identity regardless of action. | Active perception chooses actions but assumes the object identity target is fixed. | The object model need not represent unobservable equivalence classes.,formal equivalence classes induced by gripper-action observation channels; morphology-indexed object identity rather than embodiment-invariant labels
260,Contextual effects on robotic experiments of sensory feedback for object manipulation,2010,2010 3rd IEEE RAS &amp; EMBS International Conference on Biomedical Robotics and Biomechatronics,53.0,Choose robot interactions that reveal object state or category under partial observability.,active perception policy,The sensor stream is a sufficient statistic for object identity regardless of action. | Active perception chooses actions but assumes the object identity target is fixed. | The object model need not represent unobservable equivalence classes.,formal equivalence classes induced by gripper-action observation channels; morphology-indexed object identity rather than embodiment-invariant labels
261,Supplemental Material for Grasp Planning for Object Manipulation Without Simulation of the Object Manipulation Action,2019,Journal of Experimental Psychology: Human Perception and Performance,53.0,Choose robot interactions that reveal object state or category under partial observability.,active perception policy; grasp synthesis or grasp quality model,"Object identity is independent of the robot hand or end-effector. | The gripper can be treated as an interchangeable actuator, not part of perception. | The same failure mode has the same semantic meaning for suction, pinch, and enveloping hands. | The sensor stream is a sufficient statistic for object identity regardless of action. | Active perception chooses actions but assumes the object identity target is fixed.",formal equivalence classes induced by gripper-action observation channels; morphology-indexed object identity rather than embodiment-invariant labels
262,"Categorization, object individuation, and object manipulation: Commentary on ""Object manipulation facilitates kind-based object individuation of shape-similar objects"" by O.S. Kingo and P. Krjgaard (2011)",2011,Cognitive Development,53.0,Choose robot interactions that reveal object state or category under partial observability.,active perception policy,The sensor stream is a sufficient statistic for object identity regardless of action. | Active perception chooses actions but assumes the object identity target is fixed. | The object model need not represent unobservable equivalence classes.,formal equivalence classes induced by gripper-action observation channels; morphology-indexed object identity rather than embodiment-invariant labels
263,Stable Grasp and Manipulation of an Object by a Three-Fingered Hand Using -Position and Stiffness Co,1995,Proceedings of 1995 IEEE International Conference on Robotics and Automation,53.0,Choose robot interactions that reveal object state or category under partial observability.,active perception policy; grasp synthesis or grasp quality model,"Object identity is independent of the robot hand or end-effector. | The gripper can be treated as an interchangeable actuator, not part of perception. | The same failure mode has the same semantic meaning for suction, pinch, and enveloping hands. | The sensor stream is a sufficient statistic for object identity regardless of action. | Active perception chooses actions but assumes the object identity target is fixed.",formal equivalence classes induced by gripper-action observation channels; morphology-indexed object identity rather than embodiment-invariant labels
264,Learning an Image-Based Visual Servoing Controller for Object Grasping,2024,International Journal of Humanoid Robotics,53.0,Predict or execute stable grasps and manipulation actions from object observations.,grasp synthesis or grasp quality model; pose/category-level perception; robot learning control policy,"Object identity is independent of the robot hand or end-effector. | The gripper can be treated as an interchangeable actuator, not part of perception. | The same failure mode has the same semantic meaning for suction, pinch, and enveloping hands. | A category label is stable across changes in contact geometry. | Benchmark labels correspond to the distinctions a deployed gripper can observe.",formal equivalence classes induced by gripper-action observation channels; morphology-indexed object identity rather than embodiment-invariant labels
265,Planning collision-free reaching motions for interactive object manipulation and grasping,2008,ACM SIGGRAPH 2008 classes,52.908,Choose robot interactions that reveal object state or category under partial observability.,active perception policy; grasp synthesis or grasp quality model,"Object identity is independent of the robot hand or end-effector. | The gripper can be treated as an interchangeable actuator, not part of perception. | The same failure mode has the same semantic meaning for suction, pinch, and enveloping hands. | The sensor stream is a sufficient statistic for object identity regardless of action. | Active perception chooses actions but assumes the object identity target is fixed.",formal equivalence classes induced by gripper-action observation channels; morphology-indexed object identity rather than embodiment-invariant labels
266,DYNAMIC OBJECT MANIPULATION BY A FLEXIBLE ROBOTIC ARM: THEORY AND EXPERIMENT,2012,International Journal of Robotics and Automation,52.908,Choose robot interactions that reveal object state or category under partial observability.,active perception policy,The sensor stream is a sufficient statistic for object identity regardless of action. | Active perception chooses actions but assumes the object identity target is fixed. | The object model need not represent unobservable equivalence classes.,formal equivalence classes induced by gripper-action observation channels; morphology-indexed object identity rather than embodiment-invariant labels
267,Development of an interactive service robot arm for object manipulation,2017,2017 IEEE International Conference on Industrial and Information Systems (ICIIS),52.908,Choose robot interactions that reveal object state or category under partial observability.,active perception policy,The sensor stream is a sufficient statistic for object identity regardless of action. | Active perception chooses actions but assumes the object identity target is fixed. | The object model need not represent unobservable equivalence classes.,formal equivalence classes induced by gripper-action observation channels; morphology-indexed object identity rather than embodiment-invariant labels
268,GeometricallyAware Interactive Object Manipulation,2000,Computer Graphics Forum,52.898,Choose robot interactions that reveal object state or category under partial observability.,active perception policy,"Object identity is independent of the robot hand or end-effector. | The gripper can be treated as an interchangeable actuator, not part of perception. | The same failure mode has the same semantic meaning for suction, pinch, and enveloping hands. | The sensor stream is a sufficient statistic for object identity regardless of action. | Active perception chooses actions but assumes the object identity target is fixed.",formal equivalence classes induced by gripper-action observation channels; morphology-indexed object identity rather than embodiment-invariant labels
269,Tactile-Based Blind Grasping: A Discrete-Time Object Manipulation Controller for Robotic Hands,2018,IEEE Robotics and Automation Letters,52.863,"Use contact/touch signals to recognize, localize, or manipulate objects when vision is incomplete.",tactile/visuotactile representation; grasp synthesis or grasp quality model; robot learning control policy,"Object identity is independent of the robot hand or end-effector. | The gripper can be treated as an interchangeable actuator, not part of perception. | The same failure mode has the same semantic meaning for suction, pinch, and enveloping hands. | Tactile readings are sensor features rather than gripper-object relational events. | Object mass, friction, compliance, and geometry are separable from the grasp family.",formal equivalence classes induced by gripper-action observation channels; morphology-indexed object identity rather than embodiment-invariant labels; when tactile signatures are gripper-specific rather than object-intrinsic
270,Object manipulation in visuo-haptic augmented reality with physics-based animation,2010,19th International Symposium in Robot and Human Interactive Communication,52.806,Choose robot interactions that reveal object state or category under partial observability.,active perception policy; tactile/visuotactile representation,"Tactile readings are sensor features rather than gripper-object relational events. | Object mass, friction, compliance, and geometry are separable from the grasp family. | Contact observables reveal intrinsic object state rather than a quotient of state by probe. | The sensor stream is a sufficient statistic for object identity regardless of action. | Active perception chooses actions but assumes the object identity target is fixed.",formal equivalence classes induced by gripper-action observation channels; morphology-indexed object identity rather than embodiment-invariant labels
271,Needle in a haystack: Interactive surgical instrument recognition through perception and manipulation,2017,Robotics and Autonomous Systems,52.685,Choose robot interactions that reveal object state or category under partial observability.,active perception policy,The sensor stream is a sufficient statistic for object identity regardless of action. | Active perception chooses actions but assumes the object identity target is fixed. | The object model need not represent unobservable equivalence classes. | A category label is stable across changes in contact geometry. | Benchmark labels correspond to the distinctions a deployed gripper can observe.,formal equivalence classes induced by gripper-action observation channels; morphology-indexed object identity rather than embodiment-invariant labels
272,Clearing a pile of unknown objects using interactive perception,2013,2013 IEEE International Conference on Robotics and Automation,52.644,Choose robot interactions that reveal object state or category under partial observability.,active perception policy,The sensor stream is a sufficient statistic for object identity regardless of action. | Active perception chooses actions but assumes the object identity target is fixed. | The object model need not represent unobservable equivalence classes.,formal equivalence classes induced by gripper-action observation channels; morphology-indexed object identity rather than embodiment-invariant labels
273,Improving object learning through manipulation and robot self-identification,2013,2013 IEEE International Conference on Robotics and Biomimetics (ROBIO),52.556,Choose robot interactions that reveal object state or category under partial observability.,active perception policy,The sensor stream is a sufficient statistic for object identity regardless of action. | Active perception chooses actions but assumes the object identity target is fixed. | The object model need not represent unobservable equivalence classes.,formal equivalence classes induced by gripper-action observation channels; morphology-indexed object identity rather than embodiment-invariant labels
274,PERCH: Perception via search for multi-object recognition and localization,2016,2016 IEEE International Conference on Robotics and Automation (ICRA),52.511,Choose robot interactions that reveal object state or category under partial observability.,active perception policy,The sensor stream is a sufficient statistic for object identity regardless of action. | Active perception chooses actions but assumes the object identity target is fixed. | The object model need not represent unobservable equivalence classes. | A category label is stable across changes in contact geometry. | Benchmark labels correspond to the distinctions a deployed gripper can observe.,formal equivalence classes induced by gripper-action observation channels; morphology-indexed object identity rather than embodiment-invariant labels
275,Nonparametric Object Recognition With a New Tactile Sensor,1992,4th Conference on Flexible Assembly Systems,52.5,"Use contact/touch signals to recognize, localize, or manipulate objects when vision is incomplete.",tactile/visuotactile representation,"Tactile readings are sensor features rather than gripper-object relational events. | Object mass, friction, compliance, and geometry are separable from the grasp family. | Contact observables reveal intrinsic object state rather than a quotient of state by probe. | A category label is stable across changes in contact geometry. | Benchmark labels correspond to the distinctions a deployed gripper can observe.",formal equivalence classes induced by gripper-action observation channels; morphology-indexed object identity rather than embodiment-invariant labels; when tactile signatures are gripper-specific rather than object-intrinsic
276,Multi-modal vision-based deformable perception for in-finger manipulation with soft active surfaces,2026,Biomimetic Intelligence and Robotics,52.5,Choose robot interactions that reveal object state or category under partial observability.,active perception policy; deformable/contact dynamics model,The sensor stream is a sufficient statistic for object identity regardless of action. | Active perception chooses actions but assumes the object identity target is fixed. | The object model need not represent unobservable equivalence classes.,formal equivalence classes induced by gripper-action observation channels; morphology-indexed object identity rather than embodiment-invariant labels
277,Mass spring model for non-uniformed deformable linear object toward dexterous manipulation,2023,Artificial Life and Robotics,52.5,Choose robot interactions that reveal object state or category under partial observability.,active perception policy; deformable/contact dynamics model,The sensor stream is a sufficient statistic for object identity regardless of action. | Active perception chooses actions but assumes the object identity target is fixed. | The object model need not represent unobservable equivalence classes.,formal equivalence classes induced by gripper-action observation channels; morphology-indexed object identity rather than embodiment-invariant labels
278,Efficient Dynamic Modeling for 3D Deformable Object Manipulation via Physics-Informed Learning,2025,2025 IEEE International Conference on Advanced Robotics (ICAR),52.5,Choose robot interactions that reveal object state or category under partial observability.,active perception policy; deformable/contact dynamics model,The sensor stream is a sufficient statistic for object identity regardless of action. | Active perception chooses actions but assumes the object identity target is fixed. | The object model need not represent unobservable equivalence classes.,formal equivalence classes induced by gripper-action observation channels; morphology-indexed object identity rather than embodiment-invariant labels
279,Interactive multi-object tracking for virtual object manipulation,2013,"ISPRS Annals of the Photogrammetry, Remote Sensing and Spatial Information Sciences",52.5,Choose robot interactions that reveal object state or category under partial observability.,active perception policy,"Object identity is independent of the robot hand or end-effector. | The gripper can be treated as an interchangeable actuator, not part of perception. | The same failure mode has the same semantic meaning for suction, pinch, and enveloping hands. | The sensor stream is a sufficient statistic for object identity regardless of action. | Active perception chooses actions but assumes the object identity target is fixed.",formal equivalence classes induced by gripper-action observation channels; morphology-indexed object identity rather than embodiment-invariant labels
280,Preference Aligned Visuomotor Diffusion Policies for Deformable Object Manipulation,2026,IEEE Robotics and Automation Letters,52.5,Choose robot interactions that reveal object state or category under partial observability.,active perception policy; deformable/contact dynamics model,The sensor stream is a sufficient statistic for object identity regardless of action. | Active perception chooses actions but assumes the object identity target is fixed. | The object model need not represent unobservable equivalence classes.,formal equivalence classes induced by gripper-action observation channels; morphology-indexed object identity rather than embodiment-invariant labels
281,Design and Validation of Sensorized Tools for Deformable Object Manipulation in Meat Cutting and Doll Demoulding,2025,"Proceedings of the 22nd International Conference on Informatics in Control, Automation and Robotics",52.5,Choose robot interactions that reveal object state or category under partial observability.,active perception policy; deformable/contact dynamics model,The sensor stream is a sufficient statistic for object identity regardless of action. | Active perception chooses actions but assumes the object identity target is fixed. | The object model need not represent unobservable equivalence classes.,formal equivalence classes induced by gripper-action observation channels; morphology-indexed object identity rather than embodiment-invariant labels
282,A new method to estimate the pose of an arbitrary 3D object without prerequisite knowledge: projection-based 3D perception,2022,Artificial Life and Robotics,52.5,Choose robot interactions that reveal object state or category under partial observability.,active perception policy; pose/category-level perception,The sensor stream is a sufficient statistic for object identity regardless of action. | Active perception chooses actions but assumes the object identity target is fixed. | The object model need not represent unobservable equivalence classes.,formal equivalence classes induced by gripper-action observation channels; morphology-indexed object identity rather than embodiment-invariant labels
283,The jacobs robotics approach to object recognition and localization in the context of the ICRA'11 Solutions in Perception Challenge,2012,2012 IEEE International Conference on Robotics and Automation,52.461,Choose robot interactions that reveal object state or category under partial observability.,active perception policy,The sensor stream is a sufficient statistic for object identity regardless of action. | Active perception chooses actions but assumes the object identity target is fixed. | The object model need not represent unobservable equivalence classes. | A category label is stable across changes in contact geometry. | Benchmark labels correspond to the distinctions a deployed gripper can observe.,formal equivalence classes induced by gripper-action observation channels; morphology-indexed object identity rather than embodiment-invariant labels
284,HEAVY OBJECT MANIPULATION BY A HYBRID SERIAL-PARALLEL MOBILE ROBOT,2010,International Journal of Robotics and Automation,52.398,Choose robot interactions that reveal object state or category under partial observability.,active perception policy,The sensor stream is a sufficient statistic for object identity regardless of action. | Active perception chooses actions but assumes the object identity target is fixed. | The object model need not represent unobservable equivalence classes.,formal equivalence classes induced by gripper-action observation channels; morphology-indexed object identity rather than embodiment-invariant labels
285,Object tracking in robotic micromanipulation by supervised ensemble learning classifier,2016,"2016 International Conference on Manipulation, Automation and Robotics at Small Scales (MARSS)",52.398,Choose robot interactions that reveal object state or category under partial observability.,active perception policy,The sensor stream is a sufficient statistic for object identity regardless of action. | Active perception chooses actions but assumes the object identity target is fixed. | The object model need not represent unobservable equivalence classes.,formal equivalence classes induced by gripper-action observation channels; morphology-indexed object identity rather than embodiment-invariant labels
286,Object Detection and Multiple Objective Optimization Manipulation Planning for Underwater Autonomous Capture in Oceanic Natural Aquatic Farm,2025,Journal of Field Robotics,52.398,Choose robot interactions that reveal object state or category under partial observability.,active perception policy; pose/category-level perception,"The sensor stream is a sufficient statistic for object identity regardless of action. | Active perception chooses actions but assumes the object identity target is fixed. | The object model need not represent unobservable equivalence classes. | Training and deployment grippers induce comparable observation channels. | Sim-to-real gaps mainly concern physics parameters, not identity partitions.",formal equivalence classes induced by gripper-action observation channels; morphology-indexed object identity rather than embodiment-invariant labels
287,Deep Learning-Based Ensemble Approach for Autonomous Object Manipulation with an Anthropomorphic Soft Robot Hand,2024,Electronics,52.398,Predict or execute stable grasps and manipulation actions from object observations.,tactile/visuotactile representation; grasp synthesis or grasp quality model; pose/category-level perception,"Object identity is independent of the robot hand or end-effector. | The gripper can be treated as an interchangeable actuator, not part of perception. | The same failure mode has the same semantic meaning for suction, pinch, and enveloping hands.",formal equivalence classes induced by gripper-action observation channels; morphology-indexed object identity rather than embodiment-invariant labels
288,"Robot gripper with high speed, in-hand object manipulation capabilities",2021,Procedia CIRP,52.352,Predict or execute stable grasps and manipulation actions from object observations.,robotics perception/manipulation method,"Object identity is independent of the robot hand or end-effector. | The gripper can be treated as an interchangeable actuator, not part of perception. | The same failure mode has the same semantic meaning for suction, pinch, and enveloping hands.",formal equivalence classes induced by gripper-action observation channels; morphology-indexed object identity rather than embodiment-invariant labels
289,Interactive Object Segmentation in 3D Point Clouds,2023,2023 IEEE International Conference on Robotics and Automation (ICRA),52.33,Choose robot interactions that reveal object state or category under partial observability.,active perception policy; pose/category-level perception,The sensor stream is a sufficient statistic for object identity regardless of action. | Active perception chooses actions but assumes the object identity target is fixed. | The object model need not represent unobservable equivalence classes.,formal equivalence classes induced by gripper-action observation channels; morphology-indexed object identity rather than embodiment-invariant labels
290,Magnetostrictive tactile sensor of detecting friction and normal force for object recognition,2020,International Journal of Advanced Robotic Systems,52.306,"Use contact/touch signals to recognize, localize, or manipulate objects when vision is incomplete.",tactile/visuotactile representation; deformable/contact dynamics model,"Object identity is independent of the robot hand or end-effector. | The gripper can be treated as an interchangeable actuator, not part of perception. | The same failure mode has the same semantic meaning for suction, pinch, and enveloping hands. | Tactile readings are sensor features rather than gripper-object relational events. | Object mass, friction, compliance, and geometry are separable from the grasp family.",formal equivalence classes induced by gripper-action observation channels; morphology-indexed object identity rather than embodiment-invariant labels; when tactile signatures are gripper-specific rather than object-intrinsic
291,A novel robotic visual perception method using object-based attention,2009,2009 IEEE International Conference on Robotics and Biomimetics (ROBIO),52.204,Choose robot interactions that reveal object state or category under partial observability.,active perception policy,The sensor stream is a sufficient statistic for object identity regardless of action. | Active perception chooses actions but assumes the object identity target is fixed. | The object model need not represent unobservable equivalence classes.,formal equivalence classes induced by gripper-action observation channels; morphology-indexed object identity rather than embodiment-invariant labels
292,Deformable Object Manipulation in Caregiving Scenarios: A Review,2023,Machines,52.204,Estimate object pose/category state for downstream manipulation.,pose/category-level perception; deformable/contact dynamics model; robot learning control policy,"Training and deployment grippers induce comparable observation channels. | Sim-to-real gaps mainly concern physics parameters, not identity partitions.",formal equivalence classes induced by gripper-action observation channels; morphology-indexed object identity rather than embodiment-invariant labels
293,Learning Dexterous Manipulation from Exemplar Object Trajectories and Pre-Grasps,2023,2023 IEEE International Conference on Robotics and Automation (ICRA),52.185,Choose robot interactions that reveal object state or category under partial observability.,active perception policy; grasp synthesis or grasp quality model,"Object identity is independent of the robot hand or end-effector. | The gripper can be treated as an interchangeable actuator, not part of perception. | The same failure mode has the same semantic meaning for suction, pinch, and enveloping hands. | The sensor stream is a sufficient statistic for object identity regardless of action. | Active perception chooses actions but assumes the object identity target is fixed.",formal equivalence classes induced by gripper-action observation channels; morphology-indexed object identity rather than embodiment-invariant labels
294,Ditto in the House: Building Articulation Models of Indoor Scenes through Interactive Perception,2023,2023 IEEE International Conference on Robotics and Automation (ICRA),52.185,Choose robot interactions that reveal object state or category under partial observability.,active perception policy,The sensor stream is a sufficient statistic for object identity regardless of action. | Active perception chooses actions but assumes the object identity target is fixed. | The object model need not represent unobservable equivalence classes.,formal equivalence classes induced by gripper-action observation channels; morphology-indexed object identity rather than embodiment-invariant labels
295,EquivAct: SIM(3)-Equivariant Visuomotor Policies beyond Rigid Object Manipulation,2024,2024 IEEE International Conference on Robotics and Automation (ICRA),52.102,Choose robot interactions that reveal object state or category under partial observability.,active perception policy,The sensor stream is a sufficient statistic for object identity regardless of action. | Active perception chooses actions but assumes the object identity target is fixed. | The object model need not represent unobservable equivalence classes.,formal equivalence classes induced by gripper-action observation channels; morphology-indexed object identity rather than embodiment-invariant labels
296,Tactile Object Recognition With Recurrent Neural Networks Through a Perceptive Soft Gripper,2025,IEEE Robotics and Automation Letters,52.102,"Use contact/touch signals to recognize, localize, or manipulate objects when vision is incomplete.",tactile/visuotactile representation; soft/suction gripper mechanism,"Object identity is independent of the robot hand or end-effector. | The gripper can be treated as an interchangeable actuator, not part of perception. | The same failure mode has the same semantic meaning for suction, pinch, and enveloping hands. | Tactile readings are sensor features rather than gripper-object relational events. | Object mass, friction, compliance, and geometry are separable from the grasp family.",formal equivalence classes induced by gripper-action observation channels; morphology-indexed object identity rather than embodiment-invariant labels; when tactile signatures are gripper-specific rather than object-intrinsic
297,SuPer: A Surgical Perception Framework for Endoscopic Tissue Manipulation With Surgical Robotics,2020,IEEE Robotics and Automation Letters,52.075,Choose robot interactions that reveal object state or category under partial observability.,active perception policy,The sensor stream is a sufficient statistic for object identity regardless of action. | Active perception chooses actions but assumes the object identity target is fixed. | The object model need not represent unobservable equivalence classes.,formal equivalence classes induced by gripper-action observation channels; morphology-indexed object identity rather than embodiment-invariant labels
298,Learning Hierarchical Interactive Multi-Object Search for Mobile Manipulation,2023,IEEE Robotics and Automation Letters,52.058,Choose robot interactions that reveal object state or category under partial observability.,active perception policy,The sensor stream is a sufficient statistic for object identity regardless of action. | Active perception chooses actions but assumes the object identity target is fixed. | The object model need not represent unobservable equivalence classes.,formal equivalence classes induced by gripper-action observation channels; morphology-indexed object identity rather than embodiment-invariant labels
299,"Autonomous Underwater Manipulation: Current Trends in Dynamics, Control, Planning, Perception, and Future Directions",2022,Current Robotics Reports,52.058,Choose robot interactions that reveal object state or category under partial observability.,active perception policy; robot learning control policy,The sensor stream is a sufficient statistic for object identity regardless of action. | Active perception chooses actions but assumes the object identity target is fixed. | The object model need not represent unobservable equivalence classes.,formal equivalence classes induced by gripper-action observation channels; morphology-indexed object identity rather than embodiment-invariant labels
300,TOPP-MPC-Based Dual-Arm Dynamic Collaborative Manipulation for Multi-Object Nonprehensile Transportation,2022,2022 International Conference on Robotics and Automation (ICRA),52.011,Choose robot interactions that reveal object state or category under partial observability.,active perception policy,The sensor stream is a sufficient statistic for object identity regardless of action. | Active perception chooses actions but assumes the object identity target is fixed. | The object model need not represent unobservable equivalence classes.,formal equivalence classes induced by gripper-action observation channels; morphology-indexed object identity rather than embodiment-invariant labels
